from_id,GEOID,travel_time_minutes,site_label,site_name
7vQ7xbOMD1,06037204920,58.0,7vQ7xbOMD1,BMO Stadium
7vQ7xbOMD1,06037205110,56.0,7vQ7xbOMD1,BMO Stadium
7vQ7xbOMD1,06037205120,55.0,7vQ7xbOMD1,BMO Stadium
7vQ7xbOMD1,06037206010,52.0,7vQ7xbOMD1,BMO Stadium
7vQ7xbOMD1,06037206020,40.0,7vQ7xbOMD1,BMO Stadium
7vQ7xbOMD1,06037206050,56.0,7vQ7xbOMD1,BMO Stadium
7vQ7xbOMD1,06037231901,25.0,7vQ7xbOMD1,BMO Stadium
7vQ7xbOMD1,06037132301,,7vQ7xbOMD1,BMO Stadium
7vQ7xbOMD1,06037232402,34.0,7vQ7xbOMD1,BMO Stadium
7vQ7xbOMD1,06037460101,,7vQ7xbOMD1,BMO Stadium
7vQ7xbOMD1,06037132302,,7vQ7xbOMD1,BMO Stadium
7vQ7xbOMD1,06037195100,70.0,7vQ7xbOMD1,BMO Stadium
7vQ7xbOMD1,06037119003,,7vQ7xbOMD1,BMO Stadium
7vQ7xbOMD1,06037103401,,7vQ7xbOMD1,BMO Stadium
7vQ7xbOMD1,06037207400,36.0,7vQ7xbOMD1,BMO Stadium
7vQ7xbOMD1,06037192410,63.0,7vQ7xbOMD1,BMO Stadium
7vQ7xbOMD1,06037192510,59.0,7vQ7xbOMD1,BMO Stadium
7vQ7xbOMD1,06037192520,60.0,7vQ7xbOMD1,BMO Stadium
7vQ7xbOMD1,06037192610,57.0,7vQ7xbOMD1,BMO Stadium
7vQ7xbOMD1,06037192700,57.0,7vQ7xbOMD1,BMO Stadium
7vQ7xbOMD1,06037194500,72.0,7vQ7xbOMD1,BMO Stadium
7vQ7xbOMD1,06037195300,65.0,7vQ7xbOMD1,BMO Stadium
7vQ7xbOMD1,06037275604,73.0,7vQ7xbOMD1,BMO Stadium
7vQ7xbOMD1,06037195500,59.0,7vQ7xbOMD1,BMO Stadium
7vQ7xbOMD1,06037195600,56.0,7vQ7xbOMD1,BMO Stadium
7vQ7xbOMD1,06037195710,55.0,7vQ7xbOMD1,BMO Stadium
7vQ7xbOMD1,06037195720,50.0,7vQ7xbOMD1,BMO Stadium
7vQ7xbOMD1,06037195802,56.0,7vQ7xbOMD1,BMO Stadium
7vQ7xbOMD1,06037139200,,7vQ7xbOMD1,BMO Stadium
7vQ7xbOMD1,06037143200,112.0,7vQ7xbOMD1,BMO Stadium
7vQ7xbOMD1,06037201301,65.0,7vQ7xbOMD1,BMO Stadium
7vQ7xbOMD1,06037201302,82.0,7vQ7xbOMD1,BMO Stadium
7vQ7xbOMD1,06037201401,77.0,7vQ7xbOMD1,BMO Stadium
7vQ7xbOMD1,06037201402,77.0,7vQ7xbOMD1,BMO Stadium
7vQ7xbOMD1,06037236001,65.0,7vQ7xbOMD1,BMO Stadium
7vQ7xbOMD1,06037236102,36.0,7vQ7xbOMD1,BMO Stadium
7vQ7xbOMD1,06037234301,30.0,7vQ7xbOMD1,BMO Stadium
7vQ7xbOMD1,06037231601,22.0,7vQ7xbOMD1,BMO Stadium
7vQ7xbOMD1,06037231603,16.0,7vQ7xbOMD1,BMO Stadium
7vQ7xbOMD1,06037234001,25.0,7vQ7xbOMD1,BMO Stadium
7vQ7xbOMD1,06037236205,52.0,7vQ7xbOMD1,BMO Stadium
7vQ7xbOMD1,06037206051,45.0,7vQ7xbOMD1,BMO Stadium
7vQ7xbOMD1,06037231301,23.0,7vQ7xbOMD1,BMO Stadium
7vQ7xbOMD1,06037231302,22.0,7vQ7xbOMD1,BMO Stadium
7vQ7xbOMD1,06037532607,63.0,7vQ7xbOMD1,BMO Stadium
7vQ7xbOMD1,06037502700,,7vQ7xbOMD1,BMO Stadium
7vQ7xbOMD1,06037530007,,7vQ7xbOMD1,BMO Stadium
7vQ7xbOMD1,06037271804,84.0,7vQ7xbOMD1,BMO Stadium
7vQ7xbOMD1,06037551002,92.0,7vQ7xbOMD1,BMO Stadium
7vQ7xbOMD1,06037276608,82.0,7vQ7xbOMD1,BMO Stadium
7vQ7xbOMD1,06037550801,88.0,7vQ7xbOMD1,BMO Stadium
7vQ7xbOMD1,06037502604,116.0,7vQ7xbOMD1,BMO Stadium
7vQ7xbOMD1,06037275312,76.0,7vQ7xbOMD1,BMO Stadium
7vQ7xbOMD1,06037550502,94.0,7vQ7xbOMD1,BMO Stadium
7vQ7xbOMD1,06037276102,62.0,7vQ7xbOMD1,BMO Stadium
7vQ7xbOMD1,06037275605,75.0,7vQ7xbOMD1,BMO Stadium
7vQ7xbOMD1,06037533108,70.0,7vQ7xbOMD1,BMO Stadium
7vQ7xbOMD1,06037276101,67.0,7vQ7xbOMD1,BMO Stadium
7vQ7xbOMD1,06037139301,,7vQ7xbOMD1,BMO Stadium
7vQ7xbOMD1,06037139302,,7vQ7xbOMD1,BMO Stadium
7vQ7xbOMD1,06037139502,,7vQ7xbOMD1,BMO Stadium
7vQ7xbOMD1,06037139600,,7vQ7xbOMD1,BMO Stadium
7vQ7xbOMD1,06037139701,,7vQ7xbOMD1,BMO Stadium
7vQ7xbOMD1,06037139801,,7vQ7xbOMD1,BMO Stadium
7vQ7xbOMD1,06037181600,81.0,7vQ7xbOMD1,BMO Stadium
7vQ7xbOMD1,06037143500,,7vQ7xbOMD1,BMO Stadium
7vQ7xbOMD1,06037181000,88.0,7vQ7xbOMD1,BMO Stadium
7vQ7xbOMD1,06037181500,73.0,7vQ7xbOMD1,BMO Stadium
7vQ7xbOMD1,06037185310,55.0,7vQ7xbOMD1,BMO Stadium
7vQ7xbOMD1,06037183101,71.0,7vQ7xbOMD1,BMO Stadium
7vQ7xbOMD1,06037482521,99.0,7vQ7xbOMD1,BMO Stadium
7vQ7xbOMD1,06037183220,71.0,7vQ7xbOMD1,BMO Stadium
7vQ7xbOMD1,06037183300,79.0,7vQ7xbOMD1,BMO Stadium
7vQ7xbOMD1,06037183510,72.0,7vQ7xbOMD1,BMO Stadium
7vQ7xbOMD1,06037183520,66.0,7vQ7xbOMD1,BMO Stadium
7vQ7xbOMD1,06037183610,71.0,7vQ7xbOMD1,BMO Stadium
7vQ7xbOMD1,06037192300,65.0,7vQ7xbOMD1,BMO Stadium
7vQ7xbOMD1,06037195400,65.0,7vQ7xbOMD1,BMO Stadium
7vQ7xbOMD1,06037183820,63.0,7vQ7xbOMD1,BMO Stadium
7vQ7xbOMD1,06037185202,62.0,7vQ7xbOMD1,BMO Stadium
7vQ7xbOMD1,06037185320,53.0,7vQ7xbOMD1,BMO Stadium
7vQ7xbOMD1,06037481603,101.0,7vQ7xbOMD1,BMO Stadium
7vQ7xbOMD1,06037481001,98.0,7vQ7xbOMD1,BMO Stadium
7vQ7xbOMD1,06037186401,68.0,7vQ7xbOMD1,BMO Stadium
7vQ7xbOMD1,06037197200,68.0,7vQ7xbOMD1,BMO Stadium
7vQ7xbOMD1,06037197300,62.0,7vQ7xbOMD1,BMO Stadium
7vQ7xbOMD1,06037197410,65.0,7vQ7xbOMD1,BMO Stadium
7vQ7xbOMD1,06037242202,71.0,7vQ7xbOMD1,BMO Stadium
7vQ7xbOMD1,06037197420,54.0,7vQ7xbOMD1,BMO Stadium
7vQ7xbOMD1,06037197500,50.0,7vQ7xbOMD1,BMO Stadium
7vQ7xbOMD1,06037197600,47.0,7vQ7xbOMD1,BMO Stadium
7vQ7xbOMD1,06037197700,51.0,7vQ7xbOMD1,BMO Stadium
7vQ7xbOMD1,06037199110,66.0,7vQ7xbOMD1,BMO Stadium
7vQ7xbOMD1,06037187102,79.0,7vQ7xbOMD1,BMO Stadium
7vQ7xbOMD1,06037187200,76.0,7vQ7xbOMD1,BMO Stadium
7vQ7xbOMD1,06037187300,66.0,7vQ7xbOMD1,BMO Stadium
7vQ7xbOMD1,06037236400,48.0,7vQ7xbOMD1,BMO Stadium
7vQ7xbOMD1,06037237500,29.0,7vQ7xbOMD1,BMO Stadium
7vQ7xbOMD1,06037213201,46.0,7vQ7xbOMD1,BMO Stadium
7vQ7xbOMD1,06037213202,45.0,7vQ7xbOMD1,BMO Stadium
7vQ7xbOMD1,06037502303,,7vQ7xbOMD1,BMO Stadium
7vQ7xbOMD1,06037533204,70.0,7vQ7xbOMD1,BMO Stadium
7vQ7xbOMD1,06037703003,57.0,7vQ7xbOMD1,BMO Stadium
7vQ7xbOMD1,06037930400,,7vQ7xbOMD1,BMO Stadium
7vQ7xbOMD1,06037128302,,7vQ7xbOMD1,BMO Stadium
7vQ7xbOMD1,06037119320,,7vQ7xbOMD1,BMO Stadium
7vQ7xbOMD1,06037460001,,7vQ7xbOMD1,BMO Stadium
7vQ7xbOMD1,06037243001,85.0,7vQ7xbOMD1,BMO Stadium
7vQ7xbOMD1,06037242201,66.0,7vQ7xbOMD1,BMO Stadium
7vQ7xbOMD1,06037533504,78.0,7vQ7xbOMD1,BMO Stadium
7vQ7xbOMD1,06037131021,,7vQ7xbOMD1,BMO Stadium
7vQ7xbOMD1,06037119801,,7vQ7xbOMD1,BMO Stadium
7vQ7xbOMD1,06037119004,,7vQ7xbOMD1,BMO Stadium
7vQ7xbOMD1,06037101222,119.0,7vQ7xbOMD1,BMO Stadium
7vQ7xbOMD1,06037213310,43.0,7vQ7xbOMD1,BMO Stadium
7vQ7xbOMD1,06037501301,,7vQ7xbOMD1,BMO Stadium
7vQ7xbOMD1,06037213320,38.0,7vQ7xbOMD1,BMO Stadium
7vQ7xbOMD1,06037214700,67.0,7vQ7xbOMD1,BMO Stadium
7vQ7xbOMD1,06037213401,38.0,7vQ7xbOMD1,BMO Stadium
7vQ7xbOMD1,06037214800,71.0,7vQ7xbOMD1,BMO Stadium
7vQ7xbOMD1,06037216100,60.0,7vQ7xbOMD1,BMO Stadium
7vQ7xbOMD1,06037216700,59.0,7vQ7xbOMD1,BMO Stadium
7vQ7xbOMD1,06037980028,,7vQ7xbOMD1,BMO Stadium
7vQ7xbOMD1,06037980030,,7vQ7xbOMD1,BMO Stadium
7vQ7xbOMD1,06037214000,66.0,7vQ7xbOMD1,BMO Stadium
7vQ7xbOMD1,06037550501,108.0,7vQ7xbOMD1,BMO Stadium
7vQ7xbOMD1,06037980038,82.0,7vQ7xbOMD1,BMO Stadium
7vQ7xbOMD1,06037980036,119.0,7vQ7xbOMD1,BMO Stadium
7vQ7xbOMD1,06037980039,,7vQ7xbOMD1,BMO Stadium
7vQ7xbOMD1,06037532102,111.0,7vQ7xbOMD1,BMO Stadium
7vQ7xbOMD1,06037480201,101.0,7vQ7xbOMD1,BMO Stadium
7vQ7xbOMD1,06037430501,118.0,7vQ7xbOMD1,BMO Stadium
7vQ7xbOMD1,06037213402,36.0,7vQ7xbOMD1,BMO Stadium
7vQ7xbOMD1,06037214100,65.0,7vQ7xbOMD1,BMO Stadium
7vQ7xbOMD1,06037214400,68.0,7vQ7xbOMD1,BMO Stadium
7vQ7xbOMD1,06037216800,62.0,7vQ7xbOMD1,BMO Stadium
7vQ7xbOMD1,06037551203,95.0,7vQ7xbOMD1,BMO Stadium
7vQ7xbOMD1,06037551001,88.0,7vQ7xbOMD1,BMO Stadium
7vQ7xbOMD1,06037217200,58.0,7vQ7xbOMD1,BMO Stadium
7vQ7xbOMD1,06037276605,81.0,7vQ7xbOMD1,BMO Stadium
7vQ7xbOMD1,06037276607,79.0,7vQ7xbOMD1,BMO Stadium
7vQ7xbOMD1,06037550802,90.0,7vQ7xbOMD1,BMO Stadium
7vQ7xbOMD1,06037218110,49.0,7vQ7xbOMD1,BMO Stadium
7vQ7xbOMD1,06037218210,53.0,7vQ7xbOMD1,BMO Stadium
7vQ7xbOMD1,06037131023,,7vQ7xbOMD1,BMO Stadium
7vQ7xbOMD1,06037218220,54.0,7vQ7xbOMD1,BMO Stadium
7vQ7xbOMD1,06037218300,55.0,7vQ7xbOMD1,BMO Stadium
7vQ7xbOMD1,06037131801,,7vQ7xbOMD1,BMO Stadium
7vQ7xbOMD1,06037240301,34.0,7vQ7xbOMD1,BMO Stadium
7vQ7xbOMD1,06037240302,39.0,7vQ7xbOMD1,BMO Stadium
7vQ7xbOMD1,06037218900,33.0,7vQ7xbOMD1,BMO Stadium
7vQ7xbOMD1,06037502603,105.0,7vQ7xbOMD1,BMO Stadium
7vQ7xbOMD1,06037218400,50.0,7vQ7xbOMD1,BMO Stadium
7vQ7xbOMD1,06037218500,47.0,7vQ7xbOMD1,BMO Stadium
7vQ7xbOMD1,06037218600,46.0,7vQ7xbOMD1,BMO Stadium
7vQ7xbOMD1,06037219020,41.0,7vQ7xbOMD1,BMO Stadium
7vQ7xbOMD1,06037218800,40.0,7vQ7xbOMD1,BMO Stadium
7vQ7xbOMD1,06037271702,102.0,7vQ7xbOMD1,BMO Stadium
7vQ7xbOMD1,06037531202,59.0,7vQ7xbOMD1,BMO Stadium
7vQ7xbOMD1,06037224410,26.0,7vQ7xbOMD1,BMO Stadium
7vQ7xbOMD1,06037267404,101.0,7vQ7xbOMD1,BMO Stadium
7vQ7xbOMD1,06037267300,106.0,7vQ7xbOMD1,BMO Stadium
7vQ7xbOMD1,06037209401,37.0,7vQ7xbOMD1,BMO Stadium
7vQ7xbOMD1,06037232701,24.0,7vQ7xbOMD1,BMO Stadium
7vQ7xbOMD1,06037232702,29.0,7vQ7xbOMD1,BMO Stadium
7vQ7xbOMD1,06037232602,29.0,7vQ7xbOMD1,BMO Stadium
7vQ7xbOMD1,06037232601,35.0,7vQ7xbOMD1,BMO Stadium
7vQ7xbOMD1,06037273403,106.0,7vQ7xbOMD1,BMO Stadium
7vQ7xbOMD1,06037219500,45.0,7vQ7xbOMD1,BMO Stadium
7vQ7xbOMD1,06037219800,46.0,7vQ7xbOMD1,BMO Stadium
7vQ7xbOMD1,06037220000,44.0,7vQ7xbOMD1,BMO Stadium
7vQ7xbOMD1,06037220100,56.0,7vQ7xbOMD1,BMO Stadium
7vQ7xbOMD1,06037221120,31.0,7vQ7xbOMD1,BMO Stadium
7vQ7xbOMD1,06037221210,40.0,7vQ7xbOMD1,BMO Stadium
7vQ7xbOMD1,06037221220,41.0,7vQ7xbOMD1,BMO Stadium
7vQ7xbOMD1,06037232300,29.0,7vQ7xbOMD1,BMO Stadium
7vQ7xbOMD1,06037232500,33.0,7vQ7xbOMD1,BMO Stadium
7vQ7xbOMD1,06037232800,27.0,7vQ7xbOMD1,BMO Stadium
7vQ7xbOMD1,06037234200,34.0,7vQ7xbOMD1,BMO Stadium
7vQ7xbOMD1,06037232401,29.0,7vQ7xbOMD1,BMO Stadium
7vQ7xbOMD1,06037500300,,7vQ7xbOMD1,BMO Stadium
7vQ7xbOMD1,06037543305,,7vQ7xbOMD1,BMO Stadium
7vQ7xbOMD1,06037543321,75.0,7vQ7xbOMD1,BMO Stadium
7vQ7xbOMD1,06037543100,74.0,7vQ7xbOMD1,BMO Stadium
7vQ7xbOMD1,06037542200,97.0,7vQ7xbOMD1,BMO Stadium
7vQ7xbOMD1,06037540201,78.0,7vQ7xbOMD1,BMO Stadium
7vQ7xbOMD1,06037240600,46.0,7vQ7xbOMD1,BMO Stadium
7vQ7xbOMD1,06037534102,84.0,7vQ7xbOMD1,BMO Stadium
7vQ7xbOMD1,06037239310,36.0,7vQ7xbOMD1,BMO Stadium
7vQ7xbOMD1,06037532800,52.0,7vQ7xbOMD1,BMO Stadium
7vQ7xbOMD1,06037501302,,7vQ7xbOMD1,BMO Stadium
7vQ7xbOMD1,06037273404,103.0,7vQ7xbOMD1,BMO Stadium
7vQ7xbOMD1,06037236101,39.0,7vQ7xbOMD1,BMO Stadium
7vQ7xbOMD1,06037231902,23.0,7vQ7xbOMD1,BMO Stadium
7vQ7xbOMD1,06037234302,31.0,7vQ7xbOMD1,BMO Stadium
7vQ7xbOMD1,06037231602,20.0,7vQ7xbOMD1,BMO Stadium
7vQ7xbOMD1,06037234002,24.0,7vQ7xbOMD1,BMO Stadium
7vQ7xbOMD1,06037236206,53.0,7vQ7xbOMD1,BMO Stadium
7vQ7xbOMD1,06037265701,86.0,7vQ7xbOMD1,BMO Stadium
7vQ7xbOMD1,06037216301,64.0,7vQ7xbOMD1,BMO Stadium
7vQ7xbOMD1,06037265204,90.0,7vQ7xbOMD1,BMO Stadium
7vQ7xbOMD1,06037265203,86.0,7vQ7xbOMD1,BMO Stadium
7vQ7xbOMD1,06037602106,73.0,7vQ7xbOMD1,BMO Stadium
7vQ7xbOMD1,06037552700,79.0,7vQ7xbOMD1,BMO Stadium
7vQ7xbOMD1,06037552800,86.0,7vQ7xbOMD1,BMO Stadium
7vQ7xbOMD1,06037553000,97.0,7vQ7xbOMD1,BMO Stadium
7vQ7xbOMD1,06037601502,72.0,7vQ7xbOMD1,BMO Stadium
7vQ7xbOMD1,06037601600,75.0,7vQ7xbOMD1,BMO Stadium
7vQ7xbOMD1,06037602002,77.0,7vQ7xbOMD1,BMO Stadium
7vQ7xbOMD1,06037602003,73.0,7vQ7xbOMD1,BMO Stadium
7vQ7xbOMD1,06037602103,69.0,7vQ7xbOMD1,BMO Stadium
7vQ7xbOMD1,06037602104,69.0,7vQ7xbOMD1,BMO Stadium
7vQ7xbOMD1,06037530700,70.0,7vQ7xbOMD1,BMO Stadium
7vQ7xbOMD1,06037530801,63.0,7vQ7xbOMD1,BMO Stadium
7vQ7xbOMD1,06037530802,74.0,7vQ7xbOMD1,BMO Stadium
7vQ7xbOMD1,06037530901,60.0,7vQ7xbOMD1,BMO Stadium
7vQ7xbOMD1,06037531000,60.0,7vQ7xbOMD1,BMO Stadium
7vQ7xbOMD1,06037531102,62.0,7vQ7xbOMD1,BMO Stadium
7vQ7xbOMD1,06037531201,67.0,7vQ7xbOMD1,BMO Stadium
7vQ7xbOMD1,06037531301,60.0,7vQ7xbOMD1,BMO Stadium
7vQ7xbOMD1,06037531302,63.0,7vQ7xbOMD1,BMO Stadium
7vQ7xbOMD1,06037541401,82.0,7vQ7xbOMD1,BMO Stadium
7vQ7xbOMD1,06037207711,26.0,7vQ7xbOMD1,BMO Stadium
7vQ7xbOMD1,06037433506,97.0,7vQ7xbOMD1,BMO Stadium
7vQ7xbOMD1,06037209202,35.0,7vQ7xbOMD1,BMO Stadium
7vQ7xbOMD1,06037980017,100.0,7vQ7xbOMD1,BMO Stadium
7vQ7xbOMD1,06037602801,54.0,7vQ7xbOMD1,BMO Stadium
7vQ7xbOMD1,06037577800,83.0,7vQ7xbOMD1,BMO Stadium
7vQ7xbOMD1,06037551204,98.0,7vQ7xbOMD1,BMO Stadium
7vQ7xbOMD1,06037536201,92.0,7vQ7xbOMD1,BMO Stadium
7vQ7xbOMD1,06037462900,115.0,7vQ7xbOMD1,BMO Stadium
7vQ7xbOMD1,06037542105,92.0,7vQ7xbOMD1,BMO Stadium
7vQ7xbOMD1,06037543000,71.0,7vQ7xbOMD1,BMO Stadium
7vQ7xbOMD1,06037602302,69.0,7vQ7xbOMD1,BMO Stadium
7vQ7xbOMD1,06037602301,72.0,7vQ7xbOMD1,BMO Stadium
7vQ7xbOMD1,06037541200,63.0,7vQ7xbOMD1,BMO Stadium
7vQ7xbOMD1,06037602700,59.0,7vQ7xbOMD1,BMO Stadium
7vQ7xbOMD1,06037540800,69.0,7vQ7xbOMD1,BMO Stadium
7vQ7xbOMD1,06037602105,73.0,7vQ7xbOMD1,BMO Stadium
7vQ7xbOMD1,06037601700,69.0,7vQ7xbOMD1,BMO Stadium
7vQ7xbOMD1,06037542106,94.0,7vQ7xbOMD1,BMO Stadium
7vQ7xbOMD1,06037601801,63.0,7vQ7xbOMD1,BMO Stadium
7vQ7xbOMD1,06037601402,71.0,7vQ7xbOMD1,BMO Stadium
7vQ7xbOMD1,06037601802,64.0,7vQ7xbOMD1,BMO Stadium
7vQ7xbOMD1,06037462500,,7vQ7xbOMD1,BMO Stadium
7vQ7xbOMD1,06037501002,,7vQ7xbOMD1,BMO Stadium
7vQ7xbOMD1,06037504200,,7vQ7xbOMD1,BMO Stadium
7vQ7xbOMD1,06037601202,61.0,7vQ7xbOMD1,BMO Stadium
7vQ7xbOMD1,06037501501,,7vQ7xbOMD1,BMO Stadium
7vQ7xbOMD1,06037501200,,7vQ7xbOMD1,BMO Stadium
7vQ7xbOMD1,06037500403,,7vQ7xbOMD1,BMO Stadium
7vQ7xbOMD1,06037530202,102.0,7vQ7xbOMD1,BMO Stadium
7vQ7xbOMD1,06037530302,81.0,7vQ7xbOMD1,BMO Stadium
7vQ7xbOMD1,06037530301,76.0,7vQ7xbOMD1,BMO Stadium
7vQ7xbOMD1,06037702202,,7vQ7xbOMD1,BMO Stadium
7vQ7xbOMD1,06037482522,,7vQ7xbOMD1,BMO Stadium
7vQ7xbOMD1,06037702300,,7vQ7xbOMD1,BMO Stadium
7vQ7xbOMD1,06037530500,64.0,7vQ7xbOMD1,BMO Stadium
7vQ7xbOMD1,06037530400,66.0,7vQ7xbOMD1,BMO Stadium
7vQ7xbOMD1,06037482002,84.0,7vQ7xbOMD1,BMO Stadium
7vQ7xbOMD1,06037434100,100.0,7vQ7xbOMD1,BMO Stadium
7vQ7xbOMD1,06037980016,63.0,7vQ7xbOMD1,BMO Stadium
7vQ7xbOMD1,06037226702,35.0,7vQ7xbOMD1,BMO Stadium
7vQ7xbOMD1,06037143402,,7vQ7xbOMD1,BMO Stadium
7vQ7xbOMD1,06037141305,,7vQ7xbOMD1,BMO Stadium
7vQ7xbOMD1,06037128703,,7vQ7xbOMD1,BMO Stadium
7vQ7xbOMD1,06037480202,103.0,7vQ7xbOMD1,BMO Stadium
7vQ7xbOMD1,06037276601,81.0,7vQ7xbOMD1,BMO Stadium
7vQ7xbOMD1,06037277000,75.0,7vQ7xbOMD1,BMO Stadium
7vQ7xbOMD1,06037480102,105.0,7vQ7xbOMD1,BMO Stadium
7vQ7xbOMD1,06037480012,109.0,7vQ7xbOMD1,BMO Stadium
7vQ7xbOMD1,06037480002,102.0,7vQ7xbOMD1,BMO Stadium
7vQ7xbOMD1,06037431800,99.0,7vQ7xbOMD1,BMO Stadium
7vQ7xbOMD1,06037430724,95.0,7vQ7xbOMD1,BMO Stadium
7vQ7xbOMD1,06037700200,80.0,7vQ7xbOMD1,BMO Stadium
7vQ7xbOMD1,06037700300,85.0,7vQ7xbOMD1,BMO Stadium
7vQ7xbOMD1,06037271600,102.0,7vQ7xbOMD1,BMO Stadium
7vQ7xbOMD1,06037267503,106.0,7vQ7xbOMD1,BMO Stadium
7vQ7xbOMD1,06037276606,80.0,7vQ7xbOMD1,BMO Stadium
7vQ7xbOMD1,06037269908,93.0,7vQ7xbOMD1,BMO Stadium
7vQ7xbOMD1,06037206303,40.0,7vQ7xbOMD1,BMO Stadium
7vQ7xbOMD1,06037267406,103.0,7vQ7xbOMD1,BMO Stadium
7vQ7xbOMD1,06037461300,,7vQ7xbOMD1,BMO Stadium
7vQ7xbOMD1,06037206053,57.0,7vQ7xbOMD1,BMO Stadium
7vQ7xbOMD1,06037480101,109.0,7vQ7xbOMD1,BMO Stadium
7vQ7xbOMD1,06037570703,109.0,7vQ7xbOMD1,BMO Stadium
7vQ7xbOMD1,06037570306,112.0,7vQ7xbOMD1,BMO Stadium
7vQ7xbOMD1,06037620703,,7vQ7xbOMD1,BMO Stadium
7vQ7xbOMD1,06037620704,,7vQ7xbOMD1,BMO Stadium
7vQ7xbOMD1,06037570503,113.0,7vQ7xbOMD1,BMO Stadium
7vQ7xbOMD1,06037543203,87.0,7vQ7xbOMD1,BMO Stadium
7vQ7xbOMD1,06037620801,,7vQ7xbOMD1,BMO Stadium
7vQ7xbOMD1,06037620802,,7vQ7xbOMD1,BMO Stadium
7vQ7xbOMD1,06037604102,80.0,7vQ7xbOMD1,BMO Stadium
7vQ7xbOMD1,06037570305,,7vQ7xbOMD1,BMO Stadium
7vQ7xbOMD1,06037621005,,7vQ7xbOMD1,BMO Stadium
7vQ7xbOMD1,06037570504,107.0,7vQ7xbOMD1,BMO Stadium
7vQ7xbOMD1,06037604101,83.0,7vQ7xbOMD1,BMO Stadium
7vQ7xbOMD1,06037128704,,7vQ7xbOMD1,BMO Stadium
7vQ7xbOMD1,06037141306,,7vQ7xbOMD1,BMO Stadium
7vQ7xbOMD1,06037301901,85.0,7vQ7xbOMD1,BMO Stadium
7vQ7xbOMD1,06037139506,,7vQ7xbOMD1,BMO Stadium
7vQ7xbOMD1,06037603007,48.0,7vQ7xbOMD1,BMO Stadium
7vQ7xbOMD1,06037602202,76.0,7vQ7xbOMD1,BMO Stadium
7vQ7xbOMD1,06037275313,74.0,7vQ7xbOMD1,BMO Stadium
7vQ7xbOMD1,06037261104,,7vQ7xbOMD1,BMO Stadium
7vQ7xbOMD1,06037115204,,7vQ7xbOMD1,BMO Stadium
7vQ7xbOMD1,06037104823,,7vQ7xbOMD1,BMO Stadium
7vQ7xbOMD1,06037125321,111.0,7vQ7xbOMD1,BMO Stadium
7vQ7xbOMD1,06037125102,,7vQ7xbOMD1,BMO Stadium
7vQ7xbOMD1,06037125404,115.0,7vQ7xbOMD1,BMO Stadium
7vQ7xbOMD1,06037460002,118.0,7vQ7xbOMD1,BMO Stadium
7vQ7xbOMD1,06037125101,,7vQ7xbOMD1,BMO Stadium
7vQ7xbOMD1,06037125403,118.0,7vQ7xbOMD1,BMO Stadium
7vQ7xbOMD1,06037125322,114.0,7vQ7xbOMD1,BMO Stadium
7vQ7xbOMD1,06037310705,95.0,7vQ7xbOMD1,BMO Stadium
7vQ7xbOMD1,06037139505,,7vQ7xbOMD1,BMO Stadium
7vQ7xbOMD1,06037133101,,7vQ7xbOMD1,BMO Stadium
7vQ7xbOMD1,06037310704,95.0,7vQ7xbOMD1,BMO Stadium
7vQ7xbOMD1,06037133102,,7vQ7xbOMD1,BMO Stadium
7vQ7xbOMD1,06037131024,,7vQ7xbOMD1,BMO Stadium
7vQ7xbOMD1,06037131802,,7vQ7xbOMD1,BMO Stadium
7vQ7xbOMD1,06037300602,106.0,7vQ7xbOMD1,BMO Stadium
7vQ7xbOMD1,06037131022,,7vQ7xbOMD1,BMO Stadium
7vQ7xbOMD1,06037119802,,7vQ7xbOMD1,BMO Stadium
7vQ7xbOMD1,06037571505,,7vQ7xbOMD1,BMO Stadium
7vQ7xbOMD1,06037292001,107.0,7vQ7xbOMD1,BMO Stadium
7vQ7xbOMD1,06037603705,57.0,7vQ7xbOMD1,BMO Stadium
7vQ7xbOMD1,06037603902,78.0,7vQ7xbOMD1,BMO Stadium
7vQ7xbOMD1,06037541003,75.0,7vQ7xbOMD1,BMO Stadium
7vQ7xbOMD1,06037603008,51.0,7vQ7xbOMD1,BMO Stadium
7vQ7xbOMD1,06037541402,70.0,7vQ7xbOMD1,BMO Stadium
7vQ7xbOMD1,06037602511,70.0,7vQ7xbOMD1,BMO Stadium
7vQ7xbOMD1,06037602602,59.0,7vQ7xbOMD1,BMO Stadium
7vQ7xbOMD1,06037551801,93.0,7vQ7xbOMD1,BMO Stadium
7vQ7xbOMD1,06037536202,97.0,7vQ7xbOMD1,BMO Stadium
7vQ7xbOMD1,06037703200,44.0,7vQ7xbOMD1,BMO Stadium
7vQ7xbOMD1,06037271704,99.0,7vQ7xbOMD1,BMO Stadium
7vQ7xbOMD1,06037224702,19.0,7vQ7xbOMD1,BMO Stadium
7vQ7xbOMD1,06037270102,77.0,7vQ7xbOMD1,BMO Stadium
7vQ7xbOMD1,06037271703,93.0,7vQ7xbOMD1,BMO Stadium
7vQ7xbOMD1,06037269909,87.0,7vQ7xbOMD1,BMO Stadium
7vQ7xbOMD1,06037207305,32.0,7vQ7xbOMD1,BMO Stadium
7vQ7xbOMD1,06037206301,32.0,7vQ7xbOMD1,BMO Stadium
7vQ7xbOMD1,06037207901,25.0,7vQ7xbOMD1,BMO Stadium
7vQ7xbOMD1,06037264306,100.0,7vQ7xbOMD1,BMO Stadium
7vQ7xbOMD1,06037206202,41.0,7vQ7xbOMD1,BMO Stadium
7vQ7xbOMD1,06037267202,104.0,7vQ7xbOMD1,BMO Stadium
7vQ7xbOMD1,06037207712,28.0,7vQ7xbOMD1,BMO Stadium
7vQ7xbOMD1,06037207308,31.0,7vQ7xbOMD1,BMO Stadium
7vQ7xbOMD1,06037206052,45.0,7vQ7xbOMD1,BMO Stadium
7vQ7xbOMD1,06037206302,35.0,7vQ7xbOMD1,BMO Stadium
7vQ7xbOMD1,06037206201,36.0,7vQ7xbOMD1,BMO Stadium
7vQ7xbOMD1,06037271803,82.0,7vQ7xbOMD1,BMO Stadium
7vQ7xbOMD1,06037216901,59.0,7vQ7xbOMD1,BMO Stadium
7vQ7xbOMD1,06037265524,98.0,7vQ7xbOMD1,BMO Stadium
7vQ7xbOMD1,06037203601,54.0,7vQ7xbOMD1,BMO Stadium
7vQ7xbOMD1,06037207306,33.0,7vQ7xbOMD1,BMO Stadium
7vQ7xbOMD1,06037264304,97.0,7vQ7xbOMD1,BMO Stadium
7vQ7xbOMD1,06037203602,51.0,7vQ7xbOMD1,BMO Stadium
7vQ7xbOMD1,06037530603,69.0,7vQ7xbOMD1,BMO Stadium
7vQ7xbOMD1,06037206054,51.0,7vQ7xbOMD1,BMO Stadium
7vQ7xbOMD1,06037267101,96.0,7vQ7xbOMD1,BMO Stadium
7vQ7xbOMD1,06037270101,74.0,7vQ7xbOMD1,BMO Stadium
7vQ7xbOMD1,06037226701,30.0,7vQ7xbOMD1,BMO Stadium
7vQ7xbOMD1,06037224701,23.0,7vQ7xbOMD1,BMO Stadium
7vQ7xbOMD1,06037267405,102.0,7vQ7xbOMD1,BMO Stadium
7vQ7xbOMD1,06037482404,,7vQ7xbOMD1,BMO Stadium
7vQ7xbOMD1,06037482801,,7vQ7xbOMD1,BMO Stadium
7vQ7xbOMD1,06037267201,109.0,7vQ7xbOMD1,BMO Stadium
7vQ7xbOMD1,06037267504,109.0,7vQ7xbOMD1,BMO Stadium
7vQ7xbOMD1,06037207303,32.0,7vQ7xbOMD1,BMO Stadium
7vQ7xbOMD1,06037207902,29.0,7vQ7xbOMD1,BMO Stadium
7vQ7xbOMD1,06037433803,,7vQ7xbOMD1,BMO Stadium
7vQ7xbOMD1,06037264305,117.0,7vQ7xbOMD1,BMO Stadium
7vQ7xbOMD1,06037141500,,7vQ7xbOMD1,BMO Stadium
7vQ7xbOMD1,06037461200,,7vQ7xbOMD1,BMO Stadium
7vQ7xbOMD1,06037601501,73.0,7vQ7xbOMD1,BMO Stadium
7vQ7xbOMD1,06037482403,94.0,7vQ7xbOMD1,BMO Stadium
7vQ7xbOMD1,06037209201,30.0,7vQ7xbOMD1,BMO Stadium
7vQ7xbOMD1,06037264303,102.0,7vQ7xbOMD1,BMO Stadium
7vQ7xbOMD1,06037217102,66.0,7vQ7xbOMD1,BMO Stadium
7vQ7xbOMD1,06037265523,95.0,7vQ7xbOMD1,BMO Stadium
7vQ7xbOMD1,06037216902,59.0,7vQ7xbOMD1,BMO Stadium
7vQ7xbOMD1,06037216202,65.0,7vQ7xbOMD1,BMO Stadium
7vQ7xbOMD1,06037265522,89.0,7vQ7xbOMD1,BMO Stadium
7vQ7xbOMD1,06037216302,65.0,7vQ7xbOMD1,BMO Stadium
7vQ7xbOMD1,06037209105,41.0,7vQ7xbOMD1,BMO Stadium
7vQ7xbOMD1,06037208001,42.0,7vQ7xbOMD1,BMO Stadium
7vQ7xbOMD1,06037433505,93.0,7vQ7xbOMD1,BMO Stadium
7vQ7xbOMD1,06037216201,62.0,7vQ7xbOMD1,BMO Stadium
7vQ7xbOMD1,06037199801,59.0,7vQ7xbOMD1,BMO Stadium
7vQ7xbOMD1,06037265307,93.0,7vQ7xbOMD1,BMO Stadium
7vQ7xbOMD1,06037214505,64.0,7vQ7xbOMD1,BMO Stadium
7vQ7xbOMD1,06037265702,85.0,7vQ7xbOMD1,BMO Stadium
7vQ7xbOMD1,06037265306,98.0,7vQ7xbOMD1,BMO Stadium
7vQ7xbOMD1,06037199002,52.0,7vQ7xbOMD1,BMO Stadium
7vQ7xbOMD1,06037214504,67.0,7vQ7xbOMD1,BMO Stadium
7vQ7xbOMD1,06037433103,95.0,7vQ7xbOMD1,BMO Stadium
7vQ7xbOMD1,06037199802,56.0,7vQ7xbOMD1,BMO Stadium
7vQ7xbOMD1,06037208002,49.0,7vQ7xbOMD1,BMO Stadium
7vQ7xbOMD1,06037211124,49.0,7vQ7xbOMD1,BMO Stadium
7vQ7xbOMD1,06037214903,80.0,7vQ7xbOMD1,BMO Stadium
7vQ7xbOMD1,06037214904,78.0,7vQ7xbOMD1,BMO Stadium
7vQ7xbOMD1,06037432901,98.0,7vQ7xbOMD1,BMO Stadium
7vQ7xbOMD1,06037217101,61.0,7vQ7xbOMD1,BMO Stadium
7vQ7xbOMD1,06037207304,30.0,7vQ7xbOMD1,BMO Stadium
7vQ7xbOMD1,06037192420,62.0,7vQ7xbOMD1,BMO Stadium
7vQ7xbOMD1,06037221302,43.0,7vQ7xbOMD1,BMO Stadium
7vQ7xbOMD1,06037231500,26.0,7vQ7xbOMD1,BMO Stadium
7vQ7xbOMD1,06037430723,98.0,7vQ7xbOMD1,BMO Stadium
7vQ7xbOMD1,06037700400,79.0,7vQ7xbOMD1,BMO Stadium
7vQ7xbOMD1,06037301100,96.0,7vQ7xbOMD1,BMO Stadium
7vQ7xbOMD1,06037301204,87.0,7vQ7xbOMD1,BMO Stadium
7vQ7xbOMD1,06037301300,107.0,7vQ7xbOMD1,BMO Stadium
7vQ7xbOMD1,06037302102,89.0,7vQ7xbOMD1,BMO Stadium
7vQ7xbOMD1,06037302104,85.0,7vQ7xbOMD1,BMO Stadium
7vQ7xbOMD1,06037302201,78.0,7vQ7xbOMD1,BMO Stadium
7vQ7xbOMD1,06037302301,73.0,7vQ7xbOMD1,BMO Stadium
7vQ7xbOMD1,06037700600,100.0,7vQ7xbOMD1,BMO Stadium
7vQ7xbOMD1,06037302302,73.0,7vQ7xbOMD1,BMO Stadium
7vQ7xbOMD1,06037700700,97.0,7vQ7xbOMD1,BMO Stadium
7vQ7xbOMD1,06037267102,88.0,7vQ7xbOMD1,BMO Stadium
7vQ7xbOMD1,06037209106,36.0,7vQ7xbOMD1,BMO Stadium
7vQ7xbOMD1,06037207307,31.0,7vQ7xbOMD1,BMO Stadium
7vQ7xbOMD1,06037481403,94.0,7vQ7xbOMD1,BMO Stadium
7vQ7xbOMD1,06037190702,85.0,7vQ7xbOMD1,BMO Stadium
7vQ7xbOMD1,06037481404,91.0,7vQ7xbOMD1,BMO Stadium
7vQ7xbOMD1,06037432001,94.0,7vQ7xbOMD1,BMO Stadium
7vQ7xbOMD1,06037432002,95.0,7vQ7xbOMD1,BMO Stadium
7vQ7xbOMD1,06037189801,75.0,7vQ7xbOMD1,BMO Stadium
7vQ7xbOMD1,06037190701,81.0,7vQ7xbOMD1,BMO Stadium
7vQ7xbOMD1,06037190101,85.0,7vQ7xbOMD1,BMO Stadium
7vQ7xbOMD1,06037189802,81.0,7vQ7xbOMD1,BMO Stadium
7vQ7xbOMD1,06037481203,112.0,7vQ7xbOMD1,BMO Stadium
7vQ7xbOMD1,06037189906,89.0,7vQ7xbOMD1,BMO Stadium
7vQ7xbOMD1,06037189907,86.0,7vQ7xbOMD1,BMO Stadium
7vQ7xbOMD1,06037185101,65.0,7vQ7xbOMD1,BMO Stadium
7vQ7xbOMD1,06037190302,74.0,7vQ7xbOMD1,BMO Stadium
7vQ7xbOMD1,06037310300,114.0,7vQ7xbOMD1,BMO Stadium
7vQ7xbOMD1,06037310400,111.0,7vQ7xbOMD1,BMO Stadium
7vQ7xbOMD1,06037464101,91.0,7vQ7xbOMD1,BMO Stadium
7vQ7xbOMD1,06037480602,101.0,7vQ7xbOMD1,BMO Stadium
7vQ7xbOMD1,06037464102,93.0,7vQ7xbOMD1,BMO Stadium
7vQ7xbOMD1,06037211123,45.0,7vQ7xbOMD1,BMO Stadium
7vQ7xbOMD1,06037480601,96.0,7vQ7xbOMD1,BMO Stadium
7vQ7xbOMD1,06037431701,106.0,7vQ7xbOMD1,BMO Stadium
7vQ7xbOMD1,06037265521,88.0,7vQ7xbOMD1,BMO Stadium
7vQ7xbOMD1,06037190102,86.0,7vQ7xbOMD1,BMO Stadium
7vQ7xbOMD1,06037199001,55.0,7vQ7xbOMD1,BMO Stadium
7vQ7xbOMD1,06037185102,71.0,7vQ7xbOMD1,BMO Stadium
7vQ7xbOMD1,06037603901,67.0,7vQ7xbOMD1,BMO Stadium
7vQ7xbOMD1,06037300503,100.0,7vQ7xbOMD1,BMO Stadium
7vQ7xbOMD1,06037300601,108.0,7vQ7xbOMD1,BMO Stadium
7vQ7xbOMD1,06037460601,,7vQ7xbOMD1,BMO Stadium
7vQ7xbOMD1,06037554106,84.0,7vQ7xbOMD1,BMO Stadium
7vQ7xbOMD1,06037551802,76.0,7vQ7xbOMD1,BMO Stadium
7vQ7xbOMD1,06037553202,79.0,7vQ7xbOMD1,BMO Stadium
7vQ7xbOMD1,06037553201,81.0,7vQ7xbOMD1,BMO Stadium
7vQ7xbOMD1,06037602512,63.0,7vQ7xbOMD1,BMO Stadium
7vQ7xbOMD1,06037602601,65.0,7vQ7xbOMD1,BMO Stadium
7vQ7xbOMD1,06037553902,102.0,7vQ7xbOMD1,BMO Stadium
7vQ7xbOMD1,06037570304,,7vQ7xbOMD1,BMO Stadium
7vQ7xbOMD1,06037620303,91.0,7vQ7xbOMD1,BMO Stadium
7vQ7xbOMD1,06037602510,72.0,7vQ7xbOMD1,BMO Stadium
7vQ7xbOMD1,06037980034,85.0,7vQ7xbOMD1,BMO Stadium
7vQ7xbOMD1,06037604200,65.0,7vQ7xbOMD1,BMO Stadium
7vQ7xbOMD1,06037550101,87.0,7vQ7xbOMD1,BMO Stadium
7vQ7xbOMD1,06037555300,85.0,7vQ7xbOMD1,BMO Stadium
7vQ7xbOMD1,06037980012,97.0,7vQ7xbOMD1,BMO Stadium
7vQ7xbOMD1,06037602201,89.0,7vQ7xbOMD1,BMO Stadium
7vQ7xbOMD1,06037550301,81.0,7vQ7xbOMD1,BMO Stadium
7vQ7xbOMD1,06037602513,71.0,7vQ7xbOMD1,BMO Stadium
7vQ7xbOMD1,06037240901,60.0,7vQ7xbOMD1,BMO Stadium
7vQ7xbOMD1,06037603706,62.0,7vQ7xbOMD1,BMO Stadium
7vQ7xbOMD1,06037243002,90.0,7vQ7xbOMD1,BMO Stadium
7vQ7xbOMD1,06037240902,55.0,7vQ7xbOMD1,BMO Stadium
7vQ7xbOMD1,06037115203,,7vQ7xbOMD1,BMO Stadium
7vQ7xbOMD1,06037603703,63.0,7vQ7xbOMD1,BMO Stadium
7vQ7xbOMD1,06037460800,,7vQ7xbOMD1,BMO Stadium
7vQ7xbOMD1,06037101300,118.0,7vQ7xbOMD1,BMO Stadium
7vQ7xbOMD1,06037570403,90.0,7vQ7xbOMD1,BMO Stadium
7vQ7xbOMD1,06037431600,98.0,7vQ7xbOMD1,BMO Stadium
7vQ7xbOMD1,06037261103,,7vQ7xbOMD1,BMO Stadium
7vQ7xbOMD1,06037104824,,7vQ7xbOMD1,BMO Stadium
7vQ7xbOMD1,06037139704,,7vQ7xbOMD1,BMO Stadium
7vQ7xbOMD1,06037463103,107.0,7vQ7xbOMD1,BMO Stadium
7vQ7xbOMD1,06037143606,108.0,7vQ7xbOMD1,BMO Stadium
7vQ7xbOMD1,06037189703,118.0,7vQ7xbOMD1,BMO Stadium
7vQ7xbOMD1,06037143801,,7vQ7xbOMD1,BMO Stadium
7vQ7xbOMD1,06037189704,104.0,7vQ7xbOMD1,BMO Stadium
7vQ7xbOMD1,06037143802,,7vQ7xbOMD1,BMO Stadium
7vQ7xbOMD1,06037189501,81.0,7vQ7xbOMD1,BMO Stadium
7vQ7xbOMD1,06037139705,,7vQ7xbOMD1,BMO Stadium
7vQ7xbOMD1,06037143605,113.0,7vQ7xbOMD1,BMO Stadium
7vQ7xbOMD1,06037189502,80.0,7vQ7xbOMD1,BMO Stadium
7vQ7xbOMD1,06037190303,72.0,7vQ7xbOMD1,BMO Stadium
7vQ7xbOMD1,06037311602,113.0,7vQ7xbOMD1,BMO Stadium
7vQ7xbOMD1,06037143302,,7vQ7xbOMD1,BMO Stadium
7vQ7xbOMD1,06037143101,,7vQ7xbOMD1,BMO Stadium
7vQ7xbOMD1,06037311601,112.0,7vQ7xbOMD1,BMO Stadium
7vQ7xbOMD1,06037143401,,7vQ7xbOMD1,BMO Stadium
7vQ7xbOMD1,06037143102,115.0,7vQ7xbOMD1,BMO Stadium
7vQ7xbOMD1,06037301902,86.0,7vQ7xbOMD1,BMO Stadium
7vQ7xbOMD1,06037143301,117.0,7vQ7xbOMD1,BMO Stadium
7vQ7xbOMD1,06037462600,117.0,7vQ7xbOMD1,BMO Stadium
7vQ7xbOMD1,06037117405,,7vQ7xbOMD1,BMO Stadium
7vQ7xbOMD1,06037117301,,7vQ7xbOMD1,BMO Stadium
7vQ7xbOMD1,06037103300,,7vQ7xbOMD1,BMO Stadium
7vQ7xbOMD1,06037431900,95.0,7vQ7xbOMD1,BMO Stadium
7vQ7xbOMD1,06037432101,85.0,7vQ7xbOMD1,BMO Stadium
7vQ7xbOMD1,06037432102,97.0,7vQ7xbOMD1,BMO Stadium
7vQ7xbOMD1,06037432201,103.0,7vQ7xbOMD1,BMO Stadium
7vQ7xbOMD1,06037432202,97.0,7vQ7xbOMD1,BMO Stadium
7vQ7xbOMD1,06037460900,,7vQ7xbOMD1,BMO Stadium
7vQ7xbOMD1,06037461000,,7vQ7xbOMD1,BMO Stadium
7vQ7xbOMD1,06037461100,,7vQ7xbOMD1,BMO Stadium
7vQ7xbOMD1,06037432902,92.0,7vQ7xbOMD1,BMO Stadium
7vQ7xbOMD1,06037239701,39.0,7vQ7xbOMD1,BMO Stadium
7vQ7xbOMD1,06037432300,93.0,7vQ7xbOMD1,BMO Stadium
7vQ7xbOMD1,06037461400,,7vQ7xbOMD1,BMO Stadium
7vQ7xbOMD1,06037461600,,7vQ7xbOMD1,BMO Stadium
7vQ7xbOMD1,06037570502,118.0,7vQ7xbOMD1,BMO Stadium
7vQ7xbOMD1,06037542501,75.0,7vQ7xbOMD1,BMO Stadium
7vQ7xbOMD1,06037461700,117.0,7vQ7xbOMD1,BMO Stadium
7vQ7xbOMD1,06037117530,,7vQ7xbOMD1,BMO Stadium
7vQ7xbOMD1,06037119310,,7vQ7xbOMD1,BMO Stadium
7vQ7xbOMD1,06037221602,29.0,7vQ7xbOMD1,BMO Stadium
7vQ7xbOMD1,06037234902,41.0,7vQ7xbOMD1,BMO Stadium
7vQ7xbOMD1,06037236203,43.0,7vQ7xbOMD1,BMO Stadium
7vQ7xbOMD1,06037236204,46.0,7vQ7xbOMD1,BMO Stadium
7vQ7xbOMD1,06037237101,26.0,7vQ7xbOMD1,BMO Stadium
7vQ7xbOMD1,06037237202,34.0,7vQ7xbOMD1,BMO Stadium
7vQ7xbOMD1,06037119340,,7vQ7xbOMD1,BMO Stadium
7vQ7xbOMD1,06037432801,87.0,7vQ7xbOMD1,BMO Stadium
7vQ7xbOMD1,06037432802,85.0,7vQ7xbOMD1,BMO Stadium
7vQ7xbOMD1,06037237401,33.0,7vQ7xbOMD1,BMO Stadium
7vQ7xbOMD1,06037237402,38.0,7vQ7xbOMD1,BMO Stadium
7vQ7xbOMD1,06037239202,39.0,7vQ7xbOMD1,BMO Stadium
7vQ7xbOMD1,06037239501,42.0,7vQ7xbOMD1,BMO Stadium
7vQ7xbOMD1,06037239502,44.0,7vQ7xbOMD1,BMO Stadium
7vQ7xbOMD1,06037239602,40.0,7vQ7xbOMD1,BMO Stadium
7vQ7xbOMD1,06037214902,73.0,7vQ7xbOMD1,BMO Stadium
7vQ7xbOMD1,06037234501,38.0,7vQ7xbOMD1,BMO Stadium
7vQ7xbOMD1,06037234502,36.0,7vQ7xbOMD1,BMO Stadium
7vQ7xbOMD1,06037265201,91.0,7vQ7xbOMD1,BMO Stadium
7vQ7xbOMD1,06037275101,76.0,7vQ7xbOMD1,BMO Stadium
7vQ7xbOMD1,06037120030,,7vQ7xbOMD1,BMO Stadium
7vQ7xbOMD1,06037119700,,7vQ7xbOMD1,BMO Stadium
7vQ7xbOMD1,06037119900,,7vQ7xbOMD1,BMO Stadium
7vQ7xbOMD1,06037120020,,7vQ7xbOMD1,BMO Stadium
7vQ7xbOMD1,06037700801,78.0,7vQ7xbOMD1,BMO Stadium
7vQ7xbOMD1,06037462100,118.0,7vQ7xbOMD1,BMO Stadium
7vQ7xbOMD1,06037462400,119.0,7vQ7xbOMD1,BMO Stadium
7vQ7xbOMD1,06037102103,,7vQ7xbOMD1,BMO Stadium
7vQ7xbOMD1,06037533001,51.0,7vQ7xbOMD1,BMO Stadium
7vQ7xbOMD1,06037536104,81.0,7vQ7xbOMD1,BMO Stadium
7vQ7xbOMD1,06037600304,47.0,7vQ7xbOMD1,BMO Stadium
7vQ7xbOMD1,06037124700,,7vQ7xbOMD1,BMO Stadium
7vQ7xbOMD1,06037602802,58.0,7vQ7xbOMD1,BMO Stadium
7vQ7xbOMD1,06037603006,63.0,7vQ7xbOMD1,BMO Stadium
7vQ7xbOMD1,06037603801,68.0,7vQ7xbOMD1,BMO Stadium
7vQ7xbOMD1,06037700101,81.0,7vQ7xbOMD1,BMO Stadium
7vQ7xbOMD1,06037700501,83.0,7vQ7xbOMD1,BMO Stadium
7vQ7xbOMD1,06037700502,83.0,7vQ7xbOMD1,BMO Stadium
7vQ7xbOMD1,06037700802,71.0,7vQ7xbOMD1,BMO Stadium
7vQ7xbOMD1,06037701402,,7vQ7xbOMD1,BMO Stadium
7vQ7xbOMD1,06037104500,,7vQ7xbOMD1,BMO Stadium
7vQ7xbOMD1,06037125600,115.0,7vQ7xbOMD1,BMO Stadium
7vQ7xbOMD1,06037125200,,7vQ7xbOMD1,BMO Stadium
7vQ7xbOMD1,06037600303,50.0,7vQ7xbOMD1,BMO Stadium
7vQ7xbOMD1,06037602505,64.0,7vQ7xbOMD1,BMO Stadium
7vQ7xbOMD1,06037602506,61.0,7vQ7xbOMD1,BMO Stadium
7vQ7xbOMD1,06037123104,,7vQ7xbOMD1,BMO Stadium
7vQ7xbOMD1,06037123204,,7vQ7xbOMD1,BMO Stadium
7vQ7xbOMD1,06037123206,,7vQ7xbOMD1,BMO Stadium
7vQ7xbOMD1,06037123301,,7vQ7xbOMD1,BMO Stadium
7vQ7xbOMD1,06037123303,,7vQ7xbOMD1,BMO Stadium
7vQ7xbOMD1,06037125310,116.0,7vQ7xbOMD1,BMO Stadium
7vQ7xbOMD1,06037127400,,7vQ7xbOMD1,BMO Stadium
7vQ7xbOMD1,06037127210,,7vQ7xbOMD1,BMO Stadium
7vQ7xbOMD1,06037127220,,7vQ7xbOMD1,BMO Stadium
7vQ7xbOMD1,06037127300,,7vQ7xbOMD1,BMO Stadium
7vQ7xbOMD1,06037602507,56.0,7vQ7xbOMD1,BMO Stadium
7vQ7xbOMD1,06037240402,45.0,7vQ7xbOMD1,BMO Stadium
7vQ7xbOMD1,06037241001,53.0,7vQ7xbOMD1,BMO Stadium
7vQ7xbOMD1,06037533805,78.0,7vQ7xbOMD1,BMO Stadium
7vQ7xbOMD1,06037109601,,7vQ7xbOMD1,BMO Stadium
7vQ7xbOMD1,06037127520,,7vQ7xbOMD1,BMO Stadium
7vQ7xbOMD1,06037128400,,7vQ7xbOMD1,BMO Stadium
7vQ7xbOMD1,06037127920,,7vQ7xbOMD1,BMO Stadium
7vQ7xbOMD1,06037128210,,7vQ7xbOMD1,BMO Stadium
7vQ7xbOMD1,06037128303,,7vQ7xbOMD1,BMO Stadium
7vQ7xbOMD1,06037128500,,7vQ7xbOMD1,BMO Stadium
7vQ7xbOMD1,06037123304,,7vQ7xbOMD1,BMO Stadium
7vQ7xbOMD1,06037123700,,7vQ7xbOMD1,BMO Stadium
7vQ7xbOMD1,06037123510,,7vQ7xbOMD1,BMO Stadium
7vQ7xbOMD1,06037123520,,7vQ7xbOMD1,BMO Stadium
7vQ7xbOMD1,06037123601,,7vQ7xbOMD1,BMO Stadium
7vQ7xbOMD1,06037123800,,7vQ7xbOMD1,BMO Stadium
7vQ7xbOMD1,06037128910,,7vQ7xbOMD1,BMO Stadium
7vQ7xbOMD1,06037131100,,7vQ7xbOMD1,BMO Stadium
7vQ7xbOMD1,06037131200,,7vQ7xbOMD1,BMO Stadium
7vQ7xbOMD1,06037461501,,7vQ7xbOMD1,BMO Stadium
7vQ7xbOMD1,06037241202,43.0,7vQ7xbOMD1,BMO Stadium
7vQ7xbOMD1,06037262501,,7vQ7xbOMD1,BMO Stadium
7vQ7xbOMD1,06037264103,105.0,7vQ7xbOMD1,BMO Stadium
7vQ7xbOMD1,06037239702,36.0,7vQ7xbOMD1,BMO Stadium
7vQ7xbOMD1,06037239802,47.0,7vQ7xbOMD1,BMO Stadium
7vQ7xbOMD1,06037265601,92.0,7vQ7xbOMD1,BMO Stadium
7vQ7xbOMD1,06037102104,119.0,7vQ7xbOMD1,BMO Stadium
7vQ7xbOMD1,06037190402,70.0,7vQ7xbOMD1,BMO Stadium
7vQ7xbOMD1,06037190401,70.0,7vQ7xbOMD1,BMO Stadium
7vQ7xbOMD1,06037190801,79.0,7vQ7xbOMD1,BMO Stadium
7vQ7xbOMD1,06037207501,35.0,7vQ7xbOMD1,BMO Stadium
7vQ7xbOMD1,06037208501,50.0,7vQ7xbOMD1,BMO Stadium
7vQ7xbOMD1,06037185203,58.0,7vQ7xbOMD1,BMO Stadium
7vQ7xbOMD1,06037269601,62.0,7vQ7xbOMD1,BMO Stadium
7vQ7xbOMD1,06037185204,72.0,7vQ7xbOMD1,BMO Stadium
7vQ7xbOMD1,06037211121,51.0,7vQ7xbOMD1,BMO Stadium
7vQ7xbOMD1,06037211202,50.0,7vQ7xbOMD1,BMO Stadium
7vQ7xbOMD1,06037462700,115.0,7vQ7xbOMD1,BMO Stadium
7vQ7xbOMD1,06037462800,,7vQ7xbOMD1,BMO Stadium
7vQ7xbOMD1,06037463000,118.0,7vQ7xbOMD1,BMO Stadium
7vQ7xbOMD1,06037291120,56.0,7vQ7xbOMD1,BMO Stadium
7vQ7xbOMD1,06037480702,95.0,7vQ7xbOMD1,BMO Stadium
7vQ7xbOMD1,06037480703,100.0,7vQ7xbOMD1,BMO Stadium
7vQ7xbOMD1,06037267902,93.0,7vQ7xbOMD1,BMO Stadium
7vQ7xbOMD1,06037269903,81.0,7vQ7xbOMD1,BMO Stadium
7vQ7xbOMD1,06037269905,75.0,7vQ7xbOMD1,BMO Stadium
7vQ7xbOMD1,06037271902,90.0,7vQ7xbOMD1,BMO Stadium
7vQ7xbOMD1,06037203200,64.0,7vQ7xbOMD1,BMO Stadium
7vQ7xbOMD1,06037272201,82.0,7vQ7xbOMD1,BMO Stadium
7vQ7xbOMD1,06037272202,83.0,7vQ7xbOMD1,BMO Stadium
7vQ7xbOMD1,06037535902,84.0,7vQ7xbOMD1,BMO Stadium
7vQ7xbOMD1,06037601303,59.0,7vQ7xbOMD1,BMO Stadium
7vQ7xbOMD1,06037532606,63.0,7vQ7xbOMD1,BMO Stadium
7vQ7xbOMD1,06037271801,86.0,7vQ7xbOMD1,BMO Stadium
7vQ7xbOMD1,06037221810,26.0,7vQ7xbOMD1,BMO Stadium
7vQ7xbOMD1,06037262400,,7vQ7xbOMD1,BMO Stadium
7vQ7xbOMD1,06037209402,35.0,7vQ7xbOMD1,BMO Stadium
7vQ7xbOMD1,06037212305,45.0,7vQ7xbOMD1,BMO Stadium
7vQ7xbOMD1,06037433602,94.0,7vQ7xbOMD1,BMO Stadium
7vQ7xbOMD1,06037480704,82.0,7vQ7xbOMD1,BMO Stadium
7vQ7xbOMD1,06037480802,86.0,7vQ7xbOMD1,BMO Stadium
7vQ7xbOMD1,06037239801,45.0,7vQ7xbOMD1,BMO Stadium
7vQ7xbOMD1,06037211804,54.0,7vQ7xbOMD1,BMO Stadium
7vQ7xbOMD1,06037212101,44.0,7vQ7xbOMD1,BMO Stadium
7vQ7xbOMD1,06037212102,48.0,7vQ7xbOMD1,BMO Stadium
7vQ7xbOMD1,06037214503,71.0,7vQ7xbOMD1,BMO Stadium
7vQ7xbOMD1,06037234901,41.0,7vQ7xbOMD1,BMO Stadium
7vQ7xbOMD1,06037554204,116.0,7vQ7xbOMD1,BMO Stadium
7vQ7xbOMD1,06037553504,85.0,7vQ7xbOMD1,BMO Stadium
7vQ7xbOMD1,06037554105,110.0,7vQ7xbOMD1,BMO Stadium
7vQ7xbOMD1,06037554203,118.0,7vQ7xbOMD1,BMO Stadium
7vQ7xbOMD1,06037554301,107.0,7vQ7xbOMD1,BMO Stadium
7vQ7xbOMD1,06037554302,113.0,7vQ7xbOMD1,BMO Stadium
7vQ7xbOMD1,06037143901,,7vQ7xbOMD1,BMO Stadium
7vQ7xbOMD1,06037480901,96.0,7vQ7xbOMD1,BMO Stadium
7vQ7xbOMD1,06037261102,,7vQ7xbOMD1,BMO Stadium
7vQ7xbOMD1,06037191204,63.0,7vQ7xbOMD1,BMO Stadium
7vQ7xbOMD1,06037139802,,7vQ7xbOMD1,BMO Stadium
7vQ7xbOMD1,06037460700,,7vQ7xbOMD1,BMO Stadium
7vQ7xbOMD1,06037123010,,7vQ7xbOMD1,BMO Stadium
7vQ7xbOMD1,06037224310,30.0,7vQ7xbOMD1,BMO Stadium
7vQ7xbOMD1,06037300800,106.0,7vQ7xbOMD1,BMO Stadium
7vQ7xbOMD1,06037143602,,7vQ7xbOMD1,BMO Stadium
7vQ7xbOMD1,06037186100,85.0,7vQ7xbOMD1,BMO Stadium
7vQ7xbOMD1,06037301206,89.0,7vQ7xbOMD1,BMO Stadium
7vQ7xbOMD1,06037542103,85.0,7vQ7xbOMD1,BMO Stadium
7vQ7xbOMD1,06037209810,32.0,7vQ7xbOMD1,BMO Stadium
7vQ7xbOMD1,06037204410,53.0,7vQ7xbOMD1,BMO Stadium
7vQ7xbOMD1,06037117404,,7vQ7xbOMD1,BMO Stadium
7vQ7xbOMD1,06037123203,,7vQ7xbOMD1,BMO Stadium
7vQ7xbOMD1,06037237600,35.0,7vQ7xbOMD1,BMO Stadium
7vQ7xbOMD1,06037460501,,7vQ7xbOMD1,BMO Stadium
7vQ7xbOMD1,06037228500,28.0,7vQ7xbOMD1,BMO Stadium
7vQ7xbOMD1,06037183810,60.0,7vQ7xbOMD1,BMO Stadium
7vQ7xbOMD1,06037621201,,7vQ7xbOMD1,BMO Stadium
7vQ7xbOMD1,06037131400,,7vQ7xbOMD1,BMO Stadium
7vQ7xbOMD1,06037131600,,7vQ7xbOMD1,BMO Stadium
7vQ7xbOMD1,06037131900,,7vQ7xbOMD1,BMO Stadium
7vQ7xbOMD1,06037554405,,7vQ7xbOMD1,BMO Stadium
7vQ7xbOMD1,06037262100,,7vQ7xbOMD1,BMO Stadium
7vQ7xbOMD1,06037262303,,7vQ7xbOMD1,BMO Stadium
7vQ7xbOMD1,06037191410,59.0,7vQ7xbOMD1,BMO Stadium
7vQ7xbOMD1,06037541606,74.0,7vQ7xbOMD1,BMO Stadium
7vQ7xbOMD1,06037234800,46.0,7vQ7xbOMD1,BMO Stadium
7vQ7xbOMD1,06037500600,,7vQ7xbOMD1,BMO Stadium
7vQ7xbOMD1,06037141600,,7vQ7xbOMD1,BMO Stadium
7vQ7xbOMD1,06037302103,84.0,7vQ7xbOMD1,BMO Stadium
7vQ7xbOMD1,06037570601,,7vQ7xbOMD1,BMO Stadium
7vQ7xbOMD1,06037211802,51.0,7vQ7xbOMD1,BMO Stadium
7vQ7xbOMD1,06037191720,74.0,7vQ7xbOMD1,BMO Stadium
7vQ7xbOMD1,06037194300,110.0,7vQ7xbOMD1,BMO Stadium
7vQ7xbOMD1,06037122420,,7vQ7xbOMD1,BMO Stadium
7vQ7xbOMD1,06037128220,,7vQ7xbOMD1,BMO Stadium
7vQ7xbOMD1,06037189903,84.0,7vQ7xbOMD1,BMO Stadium
7vQ7xbOMD1,06037194101,95.0,7vQ7xbOMD1,BMO Stadium
7vQ7xbOMD1,06037265602,86.0,7vQ7xbOMD1,BMO Stadium
7vQ7xbOMD1,06037115403,,7vQ7xbOMD1,BMO Stadium
7vQ7xbOMD1,06037127603,,7vQ7xbOMD1,BMO Stadium
7vQ7xbOMD1,06037603802,77.0,7vQ7xbOMD1,BMO Stadium
7vQ7xbOMD1,06037125502,119.0,7vQ7xbOMD1,BMO Stadium
7vQ7xbOMD1,06037127103,,7vQ7xbOMD1,BMO Stadium
7vQ7xbOMD1,06037127711,,7vQ7xbOMD1,BMO Stadium
7vQ7xbOMD1,06037127803,,7vQ7xbOMD1,BMO Stadium
7vQ7xbOMD1,06037127806,,7vQ7xbOMD1,BMO Stadium
7vQ7xbOMD1,06037128101,,7vQ7xbOMD1,BMO Stadium
7vQ7xbOMD1,06037128601,,7vQ7xbOMD1,BMO Stadium
7vQ7xbOMD1,06037128602,,7vQ7xbOMD1,BMO Stadium
7vQ7xbOMD1,06037128802,,7vQ7xbOMD1,BMO Stadium
7vQ7xbOMD1,06037273502,93.0,7vQ7xbOMD1,BMO Stadium
7vQ7xbOMD1,06037131702,,7vQ7xbOMD1,BMO Stadium
7vQ7xbOMD1,06037132002,,7vQ7xbOMD1,BMO Stadium
7vQ7xbOMD1,06037132101,,7vQ7xbOMD1,BMO Stadium
7vQ7xbOMD1,06037461502,,7vQ7xbOMD1,BMO Stadium
7vQ7xbOMD1,06037273902,85.0,7vQ7xbOMD1,BMO Stadium
7vQ7xbOMD1,06037275102,77.0,7vQ7xbOMD1,BMO Stadium
7vQ7xbOMD1,06037275603,62.0,7vQ7xbOMD1,BMO Stadium
7vQ7xbOMD1,06037462201,113.0,7vQ7xbOMD1,BMO Stadium
7vQ7xbOMD1,06037461901,107.0,7vQ7xbOMD1,BMO Stadium
7vQ7xbOMD1,06037461902,102.0,7vQ7xbOMD1,BMO Stadium
7vQ7xbOMD1,06037462002,,7vQ7xbOMD1,BMO Stadium
7vQ7xbOMD1,06037462202,105.0,7vQ7xbOMD1,BMO Stadium
7vQ7xbOMD1,06037462301,116.0,7vQ7xbOMD1,BMO Stadium
7vQ7xbOMD1,06037127102,,7vQ7xbOMD1,BMO Stadium
7vQ7xbOMD1,06037231720,14.0,7vQ7xbOMD1,BMO Stadium
7vQ7xbOMD1,06037212410,48.0,7vQ7xbOMD1,BMO Stadium
7vQ7xbOMD1,06037482201,82.0,7vQ7xbOMD1,BMO Stadium
7vQ7xbOMD1,06037482202,85.0,7vQ7xbOMD1,BMO Stadium
7vQ7xbOMD1,06037482301,81.0,7vQ7xbOMD1,BMO Stadium
7vQ7xbOMD1,06037482303,89.0,7vQ7xbOMD1,BMO Stadium
7vQ7xbOMD1,06037462302,109.0,7vQ7xbOMD1,BMO Stadium
7vQ7xbOMD1,06037463602,101.0,7vQ7xbOMD1,BMO Stadium
7vQ7xbOMD1,06037554513,102.0,7vQ7xbOMD1,BMO Stadium
7vQ7xbOMD1,06037262200,,7vQ7xbOMD1,BMO Stadium
7vQ7xbOMD1,06037482304,86.0,7vQ7xbOMD1,BMO Stadium
7vQ7xbOMD1,06037482401,95.0,7vQ7xbOMD1,BMO Stadium
7vQ7xbOMD1,06037702102,108.0,7vQ7xbOMD1,BMO Stadium
7vQ7xbOMD1,06037554406,,7vQ7xbOMD1,BMO Stadium
7vQ7xbOMD1,06037701902,114.0,7vQ7xbOMD1,BMO Stadium
7vQ7xbOMD1,06037482503,89.0,7vQ7xbOMD1,BMO Stadium
7vQ7xbOMD1,06037533701,81.0,7vQ7xbOMD1,BMO Stadium
7vQ7xbOMD1,06037480011,100.0,7vQ7xbOMD1,BMO Stadium
7vQ7xbOMD1,06037481711,83.0,7vQ7xbOMD1,BMO Stadium
7vQ7xbOMD1,06037531101,62.0,7vQ7xbOMD1,BMO Stadium
7vQ7xbOMD1,06037533105,65.0,7vQ7xbOMD1,BMO Stadium
7vQ7xbOMD1,06037541500,80.0,7vQ7xbOMD1,BMO Stadium
7vQ7xbOMD1,06037552601,86.0,7vQ7xbOMD1,BMO Stadium
7vQ7xbOMD1,06037554517,,7vQ7xbOMD1,BMO Stadium
7vQ7xbOMD1,06037117302,,7vQ7xbOMD1,BMO Stadium
7vQ7xbOMD1,06037117303,,7vQ7xbOMD1,BMO Stadium
7vQ7xbOMD1,06037117520,,7vQ7xbOMD1,BMO Stadium
7vQ7xbOMD1,06037482600,104.0,7vQ7xbOMD1,BMO Stadium
7vQ7xbOMD1,06037482701,73.0,7vQ7xbOMD1,BMO Stadium
7vQ7xbOMD1,06037132102,,7vQ7xbOMD1,BMO Stadium
7vQ7xbOMD1,06037132501,,7vQ7xbOMD1,BMO Stadium
7vQ7xbOMD1,06037132502,,7vQ7xbOMD1,BMO Stadium
7vQ7xbOMD1,06037139001,,7vQ7xbOMD1,BMO Stadium
7vQ7xbOMD1,06037139402,,7vQ7xbOMD1,BMO Stadium
7vQ7xbOMD1,06037480303,96.0,7vQ7xbOMD1,BMO Stadium
7vQ7xbOMD1,06037980001,,7vQ7xbOMD1,BMO Stadium
7vQ7xbOMD1,06037620521,92.0,7vQ7xbOMD1,BMO Stadium
7vQ7xbOMD1,06037601002,60.0,7vQ7xbOMD1,BMO Stadium
7vQ7xbOMD1,06037603102,60.0,7vQ7xbOMD1,BMO Stadium
7vQ7xbOMD1,06037269907,85.0,7vQ7xbOMD1,BMO Stadium
7vQ7xbOMD1,06037120300,,7vQ7xbOMD1,BMO Stadium
7vQ7xbOMD1,06037120400,,7vQ7xbOMD1,BMO Stadium
7vQ7xbOMD1,06037121010,,7vQ7xbOMD1,BMO Stadium
7vQ7xbOMD1,06037121020,,7vQ7xbOMD1,BMO Stadium
7vQ7xbOMD1,06037570404,97.0,7vQ7xbOMD1,BMO Stadium
7vQ7xbOMD1,06037121210,,7vQ7xbOMD1,BMO Stadium
7vQ7xbOMD1,06037121600,,7vQ7xbOMD1,BMO Stadium
7vQ7xbOMD1,06037124000,,7vQ7xbOMD1,BMO Stadium
7vQ7xbOMD1,06037124102,,7vQ7xbOMD1,BMO Stadium
7vQ7xbOMD1,06037124201,,7vQ7xbOMD1,BMO Stadium
7vQ7xbOMD1,06037124300,,7vQ7xbOMD1,BMO Stadium
7vQ7xbOMD1,06037124400,,7vQ7xbOMD1,BMO Stadium
7vQ7xbOMD1,06037124600,,7vQ7xbOMD1,BMO Stadium
7vQ7xbOMD1,06037141202,,7vQ7xbOMD1,BMO Stadium
7vQ7xbOMD1,06037482702,78.0,7vQ7xbOMD1,BMO Stadium
7vQ7xbOMD1,06037141102,,7vQ7xbOMD1,BMO Stadium
7vQ7xbOMD1,06037141201,,7vQ7xbOMD1,BMO Stadium
7vQ7xbOMD1,06037183222,86.0,7vQ7xbOMD1,BMO Stadium
7vQ7xbOMD1,06037141304,,7vQ7xbOMD1,BMO Stadium
7vQ7xbOMD1,06037143603,110.0,7vQ7xbOMD1,BMO Stadium
7vQ7xbOMD1,06037183221,86.0,7vQ7xbOMD1,BMO Stadium
7vQ7xbOMD1,06037101220,118.0,7vQ7xbOMD1,BMO Stadium
7vQ7xbOMD1,06037183401,81.0,7vQ7xbOMD1,BMO Stadium
7vQ7xbOMD1,06037121900,,7vQ7xbOMD1,BMO Stadium
7vQ7xbOMD1,06037122000,,7vQ7xbOMD1,BMO Stadium
7vQ7xbOMD1,06037122120,,7vQ7xbOMD1,BMO Stadium
7vQ7xbOMD1,06037122200,,7vQ7xbOMD1,BMO Stadium
7vQ7xbOMD1,06037123020,,7vQ7xbOMD1,BMO Stadium
7vQ7xbOMD1,06037123103,,7vQ7xbOMD1,BMO Stadium
7vQ7xbOMD1,06037980005,,7vQ7xbOMD1,BMO Stadium
7vQ7xbOMD1,06037115101,,7vQ7xbOMD1,BMO Stadium
7vQ7xbOMD1,06037115202,,7vQ7xbOMD1,BMO Stadium
7vQ7xbOMD1,06037115301,,7vQ7xbOMD1,BMO Stadium
7vQ7xbOMD1,06037115401,,7vQ7xbOMD1,BMO Stadium
7vQ7xbOMD1,06037239601,38.0,7vQ7xbOMD1,BMO Stadium
7vQ7xbOMD1,06037275500,69.0,7vQ7xbOMD1,BMO Stadium
7vQ7xbOMD1,06037462001,,7vQ7xbOMD1,BMO Stadium
7vQ7xbOMD1,06037463601,105.0,7vQ7xbOMD1,BMO Stadium
7vQ7xbOMD1,06037221601,27.0,7vQ7xbOMD1,BMO Stadium
7vQ7xbOMD1,06037222001,38.0,7vQ7xbOMD1,BMO Stadium
7vQ7xbOMD1,06037237201,34.0,7vQ7xbOMD1,BMO Stadium
7vQ7xbOMD1,06037239201,29.0,7vQ7xbOMD1,BMO Stadium
7vQ7xbOMD1,06037980019,,7vQ7xbOMD1,BMO Stadium
7vQ7xbOMD1,06037132700,,7vQ7xbOMD1,BMO Stadium
7vQ7xbOMD1,06037132900,,7vQ7xbOMD1,BMO Stadium
7vQ7xbOMD1,06037141303,,7vQ7xbOMD1,BMO Stadium
7vQ7xbOMD1,06037186202,79.0,7vQ7xbOMD1,BMO Stadium
7vQ7xbOMD1,06037188202,74.0,7vQ7xbOMD1,BMO Stadium
7vQ7xbOMD1,06037189905,84.0,7vQ7xbOMD1,BMO Stadium
7vQ7xbOMD1,06037602504,63.0,7vQ7xbOMD1,BMO Stadium
7vQ7xbOMD1,06037241002,57.0,7vQ7xbOMD1,BMO Stadium
7vQ7xbOMD1,06037262604,,7vQ7xbOMD1,BMO Stadium
7vQ7xbOMD1,06037262802,,7vQ7xbOMD1,BMO Stadium
7vQ7xbOMD1,06037267403,102.0,7vQ7xbOMD1,BMO Stadium
7vQ7xbOMD1,06037980009,,7vQ7xbOMD1,BMO Stadium
7vQ7xbOMD1,06037123902,,7vQ7xbOMD1,BMO Stadium
7vQ7xbOMD1,06037192001,77.0,7vQ7xbOMD1,BMO Stadium
7vQ7xbOMD1,06037211122,51.0,7vQ7xbOMD1,BMO Stadium
7vQ7xbOMD1,06037104822,,7vQ7xbOMD1,BMO Stadium
7vQ7xbOMD1,06037269602,68.0,7vQ7xbOMD1,BMO Stadium
7vQ7xbOMD1,06037271901,89.0,7vQ7xbOMD1,BMO Stadium
7vQ7xbOMD1,06037302003,83.0,7vQ7xbOMD1,BMO Stadium
7vQ7xbOMD1,06037115103,,7vQ7xbOMD1,BMO Stadium
7vQ7xbOMD1,06037127605,,7vQ7xbOMD1,BMO Stadium
7vQ7xbOMD1,06037117102,,7vQ7xbOMD1,BMO Stadium
7vQ7xbOMD1,06037119341,,7vQ7xbOMD1,BMO Stadium
7vQ7xbOMD1,06037120106,,7vQ7xbOMD1,BMO Stadium
7vQ7xbOMD1,06037122121,,7vQ7xbOMD1,BMO Stadium
7vQ7xbOMD1,06037124204,118.0,7vQ7xbOMD1,BMO Stadium
7vQ7xbOMD1,06037128801,,7vQ7xbOMD1,BMO Stadium
7vQ7xbOMD1,06037139504,,7vQ7xbOMD1,BMO Stadium
7vQ7xbOMD1,06037191902,72.0,7vQ7xbOMD1,BMO Stadium
7vQ7xbOMD1,06037194102,,7vQ7xbOMD1,BMO Stadium
7vQ7xbOMD1,06037195803,62.0,7vQ7xbOMD1,BMO Stadium
7vQ7xbOMD1,06037102105,118.0,7vQ7xbOMD1,BMO Stadium
7vQ7xbOMD1,06037104821,,7vQ7xbOMD1,BMO Stadium
7vQ7xbOMD1,06037115104,,7vQ7xbOMD1,BMO Stadium
7vQ7xbOMD1,06037119201,,7vQ7xbOMD1,BMO Stadium
7vQ7xbOMD1,06037125501,111.0,7vQ7xbOMD1,BMO Stadium
7vQ7xbOMD1,06037571703,,7vQ7xbOMD1,BMO Stadium
7vQ7xbOMD1,06037533402,77.0,7vQ7xbOMD1,BMO Stadium
7vQ7xbOMD1,06037533501,76.0,7vQ7xbOMD1,BMO Stadium
7vQ7xbOMD1,06037700901,73.0,7vQ7xbOMD1,BMO Stadium
7vQ7xbOMD1,06037700902,75.0,7vQ7xbOMD1,BMO Stadium
7vQ7xbOMD1,06037701000,76.0,7vQ7xbOMD1,BMO Stadium
7vQ7xbOMD1,06037701201,,7vQ7xbOMD1,BMO Stadium
7vQ7xbOMD1,06037701202,117.0,7vQ7xbOMD1,BMO Stadium
7vQ7xbOMD1,06037702400,66.0,7vQ7xbOMD1,BMO Stadium
7vQ7xbOMD1,06037701302,117.0,7vQ7xbOMD1,BMO Stadium
7vQ7xbOMD1,06037701501,106.0,7vQ7xbOMD1,BMO Stadium
7vQ7xbOMD1,06037701502,106.0,7vQ7xbOMD1,BMO Stadium
7vQ7xbOMD1,06037701601,106.0,7vQ7xbOMD1,BMO Stadium
7vQ7xbOMD1,06037701602,103.0,7vQ7xbOMD1,BMO Stadium
7vQ7xbOMD1,06037701701,108.0,7vQ7xbOMD1,BMO Stadium
7vQ7xbOMD1,06037702501,89.0,7vQ7xbOMD1,BMO Stadium
7vQ7xbOMD1,06037702502,76.0,7vQ7xbOMD1,BMO Stadium
7vQ7xbOMD1,06037702600,65.0,7vQ7xbOMD1,BMO Stadium
7vQ7xbOMD1,06037702700,99.0,7vQ7xbOMD1,BMO Stadium
7vQ7xbOMD1,06037702802,88.0,7vQ7xbOMD1,BMO Stadium
7vQ7xbOMD1,06037702803,78.0,7vQ7xbOMD1,BMO Stadium
7vQ7xbOMD1,06037701702,111.0,7vQ7xbOMD1,BMO Stadium
7vQ7xbOMD1,06037701801,,7vQ7xbOMD1,BMO Stadium
7vQ7xbOMD1,06037701802,,7vQ7xbOMD1,BMO Stadium
7vQ7xbOMD1,06037702201,,7vQ7xbOMD1,BMO Stadium
7vQ7xbOMD1,06037703002,49.0,7vQ7xbOMD1,BMO Stadium
7vQ7xbOMD1,06037703100,50.0,7vQ7xbOMD1,BMO Stadium
7vQ7xbOMD1,06037208301,45.0,7vQ7xbOMD1,BMO Stadium
7vQ7xbOMD1,06037219901,48.0,7vQ7xbOMD1,BMO Stadium
7vQ7xbOMD1,06037551401,93.0,7vQ7xbOMD1,BMO Stadium
7vQ7xbOMD1,06037189904,85.0,7vQ7xbOMD1,BMO Stadium
7vQ7xbOMD1,06037190201,78.0,7vQ7xbOMD1,BMO Stadium
7vQ7xbOMD1,06037188100,79.0,7vQ7xbOMD1,BMO Stadium
7vQ7xbOMD1,06037188300,69.0,7vQ7xbOMD1,BMO Stadium
7vQ7xbOMD1,06037189300,86.0,7vQ7xbOMD1,BMO Stadium
7vQ7xbOMD1,06037199120,57.0,7vQ7xbOMD1,BMO Stadium
7vQ7xbOMD1,06037199201,54.0,7vQ7xbOMD1,BMO Stadium
7vQ7xbOMD1,06037199202,65.0,7vQ7xbOMD1,BMO Stadium
7vQ7xbOMD1,06037199300,74.0,7vQ7xbOMD1,BMO Stadium
7vQ7xbOMD1,06037199400,55.0,7vQ7xbOMD1,BMO Stadium
7vQ7xbOMD1,06037199700,56.0,7vQ7xbOMD1,BMO Stadium
7vQ7xbOMD1,06037199900,62.0,7vQ7xbOMD1,BMO Stadium
7vQ7xbOMD1,06037201110,82.0,7vQ7xbOMD1,BMO Stadium
7vQ7xbOMD1,06037127104,,7vQ7xbOMD1,BMO Stadium
7vQ7xbOMD1,06037127804,,7vQ7xbOMD1,BMO Stadium
7vQ7xbOMD1,06037128102,,7vQ7xbOMD1,BMO Stadium
7vQ7xbOMD1,06037132001,,7vQ7xbOMD1,BMO Stadium
7vQ7xbOMD1,06037208802,44.0,7vQ7xbOMD1,BMO Stadium
7vQ7xbOMD1,06037211921,47.0,7vQ7xbOMD1,BMO Stadium
7vQ7xbOMD1,06037215102,65.0,7vQ7xbOMD1,BMO Stadium
7vQ7xbOMD1,06037217002,67.0,7vQ7xbOMD1,BMO Stadium
7vQ7xbOMD1,06037221303,46.0,7vQ7xbOMD1,BMO Stadium
7vQ7xbOMD1,06037201120,80.0,7vQ7xbOMD1,BMO Stadium
7vQ7xbOMD1,06037201501,81.0,7vQ7xbOMD1,BMO Stadium
7vQ7xbOMD1,06037201503,74.0,7vQ7xbOMD1,BMO Stadium
7vQ7xbOMD1,06037201504,82.0,7vQ7xbOMD1,BMO Stadium
7vQ7xbOMD1,06037201700,62.0,7vQ7xbOMD1,BMO Stadium
7vQ7xbOMD1,06037203100,68.0,7vQ7xbOMD1,BMO Stadium
7vQ7xbOMD1,06037203300,59.0,7vQ7xbOMD1,BMO Stadium
7vQ7xbOMD1,06037203500,51.0,7vQ7xbOMD1,BMO Stadium
7vQ7xbOMD1,06037203710,56.0,7vQ7xbOMD1,BMO Stadium
7vQ7xbOMD1,06037203720,52.0,7vQ7xbOMD1,BMO Stadium
7vQ7xbOMD1,06037702002,111.0,7vQ7xbOMD1,BMO Stadium
7vQ7xbOMD1,06037267901,79.0,7vQ7xbOMD1,BMO Stadium
7vQ7xbOMD1,06037269906,80.0,7vQ7xbOMD1,BMO Stadium
7vQ7xbOMD1,06037554600,92.0,7vQ7xbOMD1,BMO Stadium
7vQ7xbOMD1,06037620201,,7vQ7xbOMD1,BMO Stadium
7vQ7xbOMD1,06037189201,65.0,7vQ7xbOMD1,BMO Stadium
7vQ7xbOMD1,06037211803,53.0,7vQ7xbOMD1,BMO Stadium
7vQ7xbOMD1,06037211922,49.0,7vQ7xbOMD1,BMO Stadium
7vQ7xbOMD1,06037212501,48.0,7vQ7xbOMD1,BMO Stadium
7vQ7xbOMD1,06037241201,48.0,7vQ7xbOMD1,BMO Stadium
7vQ7xbOMD1,06037204810,52.0,7vQ7xbOMD1,BMO Stadium
7vQ7xbOMD1,06059110116,,7vQ7xbOMD1,BMO Stadium
7vQ7xbOMD1,06037203900,62.0,7vQ7xbOMD1,BMO Stadium
7vQ7xbOMD1,06037204110,59.0,7vQ7xbOMD1,BMO Stadium
7vQ7xbOMD1,06037204120,57.0,7vQ7xbOMD1,BMO Stadium
7vQ7xbOMD1,06037204300,55.0,7vQ7xbOMD1,BMO Stadium
7vQ7xbOMD1,06037204600,50.0,7vQ7xbOMD1,BMO Stadium
7vQ7xbOMD1,06037204700,52.0,7vQ7xbOMD1,BMO Stadium
7vQ7xbOMD1,06037204820,60.0,7vQ7xbOMD1,BMO Stadium
7vQ7xbOMD1,06037204910,54.0,7vQ7xbOMD1,BMO Stadium
7vQ7xbOMD1,06037208903,41.0,7vQ7xbOMD1,BMO Stadium
7vQ7xbOMD1,06037209300,33.0,7vQ7xbOMD1,BMO Stadium
7vQ7xbOMD1,06037209510,36.0,7vQ7xbOMD1,BMO Stadium
7vQ7xbOMD1,06037210010,33.0,7vQ7xbOMD1,BMO Stadium
7vQ7xbOMD1,06037191710,82.0,7vQ7xbOMD1,BMO Stadium
7vQ7xbOMD1,06037141400,,7vQ7xbOMD1,BMO Stadium
7vQ7xbOMD1,06037535001,53.0,7vQ7xbOMD1,BMO Stadium
7vQ7xbOMD1,06037603005,53.0,7vQ7xbOMD1,BMO Stadium
7vQ7xbOMD1,06037604001,83.0,7vQ7xbOMD1,BMO Stadium
7vQ7xbOMD1,06037102107,,7vQ7xbOMD1,BMO Stadium
7vQ7xbOMD1,06037620904,,7vQ7xbOMD1,BMO Stadium
7vQ7xbOMD1,06037650003,77.0,7vQ7xbOMD1,BMO Stadium
7vQ7xbOMD1,06037203800,59.0,7vQ7xbOMD1,BMO Stadium
7vQ7xbOMD1,06037208610,52.0,7vQ7xbOMD1,BMO Stadium
7vQ7xbOMD1,06037208620,49.0,7vQ7xbOMD1,BMO Stadium
7vQ7xbOMD1,06037190510,72.0,7vQ7xbOMD1,BMO Stadium
7vQ7xbOMD1,06037190520,69.0,7vQ7xbOMD1,BMO Stadium
7vQ7xbOMD1,06037190902,80.0,7vQ7xbOMD1,BMO Stadium
7vQ7xbOMD1,06037191000,74.0,7vQ7xbOMD1,BMO Stadium
7vQ7xbOMD1,06037191110,72.0,7vQ7xbOMD1,BMO Stadium
7vQ7xbOMD1,06037191120,70.0,7vQ7xbOMD1,BMO Stadium
7vQ7xbOMD1,06037191201,61.0,7vQ7xbOMD1,BMO Stadium
7vQ7xbOMD1,06037191420,56.0,7vQ7xbOMD1,BMO Stadium
7vQ7xbOMD1,06037191500,60.0,7vQ7xbOMD1,BMO Stadium
7vQ7xbOMD1,06037191610,69.0,7vQ7xbOMD1,BMO Stadium
7vQ7xbOMD1,06037191620,68.0,7vQ7xbOMD1,BMO Stadium
7vQ7xbOMD1,06037191820,72.0,7vQ7xbOMD1,BMO Stadium
7vQ7xbOMD1,06037272100,95.0,7vQ7xbOMD1,BMO Stadium
7vQ7xbOMD1,06037530902,63.0,7vQ7xbOMD1,BMO Stadium
7vQ7xbOMD1,06037221110,33.0,7vQ7xbOMD1,BMO Stadium
7vQ7xbOMD1,06037212303,41.0,7vQ7xbOMD1,BMO Stadium
7vQ7xbOMD1,06037201200,73.0,7vQ7xbOMD1,BMO Stadium
7vQ7xbOMD1,06037191203,58.0,7vQ7xbOMD1,BMO Stadium
7vQ7xbOMD1,06037119400,,7vQ7xbOMD1,BMO Stadium
7vQ7xbOMD1,06037554001,84.0,7vQ7xbOMD1,BMO Stadium
7vQ7xbOMD1,06037535501,68.0,7vQ7xbOMD1,BMO Stadium
7vQ7xbOMD1,06037237300,38.0,7vQ7xbOMD1,BMO Stadium
7vQ7xbOMD1,06037227010,49.0,7vQ7xbOMD1,BMO Stadium
7vQ7xbOMD1,06037219300,44.0,7vQ7xbOMD1,BMO Stadium
7vQ7xbOMD1,06037212203,40.0,7vQ7xbOMD1,BMO Stadium
7vQ7xbOMD1,06037204420,54.0,7vQ7xbOMD1,BMO Stadium
7vQ7xbOMD1,06037211320,48.0,7vQ7xbOMD1,BMO Stadium
7vQ7xbOMD1,06037262301,,7vQ7xbOMD1,BMO Stadium
7vQ7xbOMD1,06037218120,47.0,7vQ7xbOMD1,BMO Stadium
7vQ7xbOMD1,06037209403,36.0,7vQ7xbOMD1,BMO Stadium
7vQ7xbOMD1,06037208902,39.0,7vQ7xbOMD1,BMO Stadium
7vQ7xbOMD1,06037183620,69.0,7vQ7xbOMD1,BMO Stadium
7vQ7xbOMD1,06037194200,,7vQ7xbOMD1,BMO Stadium
7vQ7xbOMD1,06037117510,,7vQ7xbOMD1,BMO Stadium
7vQ7xbOMD1,06037139303,,7vQ7xbOMD1,BMO Stadium
7vQ7xbOMD1,06037123410,,7vQ7xbOMD1,BMO Stadium
7vQ7xbOMD1,06037120010,,7vQ7xbOMD1,BMO Stadium
7vQ7xbOMD1,06037242300,67.0,7vQ7xbOMD1,BMO Stadium
7vQ7xbOMD1,06037552900,92.0,7vQ7xbOMD1,BMO Stadium
7vQ7xbOMD1,06037535503,64.0,7vQ7xbOMD1,BMO Stadium
7vQ7xbOMD1,06037534201,88.0,7vQ7xbOMD1,BMO Stadium
7vQ7xbOMD1,06037541700,94.0,7vQ7xbOMD1,BMO Stadium
7vQ7xbOMD1,06037533603,78.0,7vQ7xbOMD1,BMO Stadium
7vQ7xbOMD1,06037262601,,7vQ7xbOMD1,BMO Stadium
7vQ7xbOMD1,06037300100,,7vQ7xbOMD1,BMO Stadium
7vQ7xbOMD1,06037300501,108.0,7vQ7xbOMD1,BMO Stadium
7vQ7xbOMD1,06037310701,101.0,7vQ7xbOMD1,BMO Stadium
7vQ7xbOMD1,06037310100,,7vQ7xbOMD1,BMO Stadium
7vQ7xbOMD1,06037300200,,7vQ7xbOMD1,BMO Stadium
7vQ7xbOMD1,06037300400,116.0,7vQ7xbOMD1,BMO Stadium
7vQ7xbOMD1,06037300701,,7vQ7xbOMD1,BMO Stadium
7vQ7xbOMD1,06037300902,,7vQ7xbOMD1,BMO Stadium
7vQ7xbOMD1,06037301400,107.0,7vQ7xbOMD1,BMO Stadium
7vQ7xbOMD1,06037301501,96.0,7vQ7xbOMD1,BMO Stadium
7vQ7xbOMD1,06037301502,91.0,7vQ7xbOMD1,BMO Stadium
7vQ7xbOMD1,06037301601,87.0,7vQ7xbOMD1,BMO Stadium
7vQ7xbOMD1,06037301701,86.0,7vQ7xbOMD1,BMO Stadium
7vQ7xbOMD1,06037301602,95.0,7vQ7xbOMD1,BMO Stadium
7vQ7xbOMD1,06037301702,84.0,7vQ7xbOMD1,BMO Stadium
7vQ7xbOMD1,06037302002,80.0,7vQ7xbOMD1,BMO Stadium
7vQ7xbOMD1,06037310703,90.0,7vQ7xbOMD1,BMO Stadium
7vQ7xbOMD1,06037310900,113.0,7vQ7xbOMD1,BMO Stadium
7vQ7xbOMD1,06037311000,,7vQ7xbOMD1,BMO Stadium
7vQ7xbOMD1,06037311100,,7vQ7xbOMD1,BMO Stadium
7vQ7xbOMD1,06037311200,112.0,7vQ7xbOMD1,BMO Stadium
7vQ7xbOMD1,06037311300,110.0,7vQ7xbOMD1,BMO Stadium
7vQ7xbOMD1,06037311400,110.0,7vQ7xbOMD1,BMO Stadium
7vQ7xbOMD1,06037222600,23.0,7vQ7xbOMD1,BMO Stadium
7vQ7xbOMD1,06037237900,40.0,7vQ7xbOMD1,BMO Stadium
7vQ7xbOMD1,06037534700,76.0,7vQ7xbOMD1,BMO Stadium
7vQ7xbOMD1,06037228600,32.0,7vQ7xbOMD1,BMO Stadium
7vQ7xbOMD1,06037482502,86.0,7vQ7xbOMD1,BMO Stadium
7vQ7xbOMD1,06037208904,43.0,7vQ7xbOMD1,BMO Stadium
7vQ7xbOMD1,06037302202,77.0,7vQ7xbOMD1,BMO Stadium
7vQ7xbOMD1,06037139703,,7vQ7xbOMD1,BMO Stadium
7vQ7xbOMD1,06037430502,100.0,7vQ7xbOMD1,BMO Stadium
7vQ7xbOMD1,06037300702,,7vQ7xbOMD1,BMO Stadium
7vQ7xbOMD1,06037123602,,7vQ7xbOMD1,BMO Stadium
7vQ7xbOMD1,06037122410,,7vQ7xbOMD1,BMO Stadium
7vQ7xbOMD1,06037131300,,7vQ7xbOMD1,BMO Stadium
7vQ7xbOMD1,06037115302,,7vQ7xbOMD1,BMO Stadium
7vQ7xbOMD1,06037228410,23.0,7vQ7xbOMD1,BMO Stadium
7vQ7xbOMD1,06037241300,42.0,7vQ7xbOMD1,BMO Stadium
7vQ7xbOMD1,06037531800,77.0,7vQ7xbOMD1,BMO Stadium
7vQ7xbOMD1,06037214600,67.0,7vQ7xbOMD1,BMO Stadium
7vQ7xbOMD1,06037204200,51.0,7vQ7xbOMD1,BMO Stadium
7vQ7xbOMD1,06037209820,35.0,7vQ7xbOMD1,BMO Stadium
7vQ7xbOMD1,06037211420,55.0,7vQ7xbOMD1,BMO Stadium
7vQ7xbOMD1,06037191810,75.0,7vQ7xbOMD1,BMO Stadium
7vQ7xbOMD1,06037480302,97.0,7vQ7xbOMD1,BMO Stadium
7vQ7xbOMD1,06037192620,53.0,7vQ7xbOMD1,BMO Stadium
7vQ7xbOMD1,06037124500,,7vQ7xbOMD1,BMO Stadium
7vQ7xbOMD1,06037301203,95.0,7vQ7xbOMD1,BMO Stadium
7vQ7xbOMD1,06037127910,,7vQ7xbOMD1,BMO Stadium
7vQ7xbOMD1,06037123205,,7vQ7xbOMD1,BMO Stadium
7vQ7xbOMD1,06037570001,,7vQ7xbOMD1,BMO Stadium
7vQ7xbOMD1,06037310800,100.0,7vQ7xbOMD1,BMO Stadium
7vQ7xbOMD1,06037311700,112.0,7vQ7xbOMD1,BMO Stadium
7vQ7xbOMD1,06037311802,103.0,7vQ7xbOMD1,BMO Stadium
7vQ7xbOMD1,06037533403,76.0,7vQ7xbOMD1,BMO Stadium
7vQ7xbOMD1,06037532900,50.0,7vQ7xbOMD1,BMO Stadium
7vQ7xbOMD1,06037543201,82.0,7vQ7xbOMD1,BMO Stadium
7vQ7xbOMD1,06037553602,93.0,7vQ7xbOMD1,BMO Stadium
7vQ7xbOMD1,06037620001,91.0,7vQ7xbOMD1,BMO Stadium
7vQ7xbOMD1,06037535604,67.0,7vQ7xbOMD1,BMO Stadium
7vQ7xbOMD1,06037460401,,7vQ7xbOMD1,BMO Stadium
7vQ7xbOMD1,06037143902,,7vQ7xbOMD1,BMO Stadium
7vQ7xbOMD1,06037141700,,7vQ7xbOMD1,BMO Stadium
7vQ7xbOMD1,06037311500,111.0,7vQ7xbOMD1,BMO Stadium
7vQ7xbOMD1,06037123420,,7vQ7xbOMD1,BMO Stadium
7vQ7xbOMD1,06037301000,95.0,7vQ7xbOMD1,BMO Stadium
7vQ7xbOMD1,06037277100,73.0,7vQ7xbOMD1,BMO Stadium
7vQ7xbOMD1,06037277200,76.0,7vQ7xbOMD1,BMO Stadium
7vQ7xbOMD1,06037620301,90.0,7vQ7xbOMD1,BMO Stadium
7vQ7xbOMD1,06037540502,90.0,7vQ7xbOMD1,BMO Stadium
7vQ7xbOMD1,06037242600,67.0,7vQ7xbOMD1,BMO Stadium
7vQ7xbOMD1,06037433601,96.0,7vQ7xbOMD1,BMO Stadium
7vQ7xbOMD1,06037463200,112.0,7vQ7xbOMD1,BMO Stadium
7vQ7xbOMD1,06037463300,110.0,7vQ7xbOMD1,BMO Stadium
7vQ7xbOMD1,06037463400,118.0,7vQ7xbOMD1,BMO Stadium
7vQ7xbOMD1,06037463500,114.0,7vQ7xbOMD1,BMO Stadium
7vQ7xbOMD1,06037463700,101.0,7vQ7xbOMD1,BMO Stadium
7vQ7xbOMD1,06037291110,51.0,7vQ7xbOMD1,BMO Stadium
7vQ7xbOMD1,06037291130,44.0,7vQ7xbOMD1,BMO Stadium
7vQ7xbOMD1,06037291210,68.0,7vQ7xbOMD1,BMO Stadium
7vQ7xbOMD1,06037291220,62.0,7vQ7xbOMD1,BMO Stadium
7vQ7xbOMD1,06037291300,52.0,7vQ7xbOMD1,BMO Stadium
7vQ7xbOMD1,06037430600,116.0,7vQ7xbOMD1,BMO Stadium
7vQ7xbOMD1,06037460200,,7vQ7xbOMD1,BMO Stadium
7vQ7xbOMD1,06037460301,,7vQ7xbOMD1,BMO Stadium
7vQ7xbOMD1,06037460302,,7vQ7xbOMD1,BMO Stadium
7vQ7xbOMD1,06037275311,69.0,7vQ7xbOMD1,BMO Stadium
7vQ7xbOMD1,06037275400,76.0,7vQ7xbOMD1,BMO Stadium
7vQ7xbOMD1,06037430701,108.0,7vQ7xbOMD1,BMO Stadium
7vQ7xbOMD1,06037430721,109.0,7vQ7xbOMD1,BMO Stadium
7vQ7xbOMD1,06037460502,,7vQ7xbOMD1,BMO Stadium
7vQ7xbOMD1,06037276000,82.0,7vQ7xbOMD1,BMO Stadium
7vQ7xbOMD1,06037276400,83.0,7vQ7xbOMD1,BMO Stadium
7vQ7xbOMD1,06037276500,83.0,7vQ7xbOMD1,BMO Stadium
7vQ7xbOMD1,06037277400,78.0,7vQ7xbOMD1,BMO Stadium
7vQ7xbOMD1,06037240020,50.0,7vQ7xbOMD1,BMO Stadium
7vQ7xbOMD1,06037533103,65.0,7vQ7xbOMD1,BMO Stadium
7vQ7xbOMD1,06037189702,100.0,7vQ7xbOMD1,BMO Stadium
7vQ7xbOMD1,06037275200,72.0,7vQ7xbOMD1,BMO Stadium
7vQ7xbOMD1,06037702801,88.0,7vQ7xbOMD1,BMO Stadium
7vQ7xbOMD1,06037226420,37.0,7vQ7xbOMD1,BMO Stadium
7vQ7xbOMD1,06037219010,42.0,7vQ7xbOMD1,BMO Stadium
7vQ7xbOMD1,06037530006,,7vQ7xbOMD1,BMO Stadium
7vQ7xbOMD1,06037209520,35.0,7vQ7xbOMD1,BMO Stadium
7vQ7xbOMD1,06037208720,44.0,7vQ7xbOMD1,BMO Stadium
7vQ7xbOMD1,06037208710,49.0,7vQ7xbOMD1,BMO Stadium
7vQ7xbOMD1,06037481401,88.0,7vQ7xbOMD1,BMO Stadium
7vQ7xbOMD1,06037190901,77.0,7vQ7xbOMD1,BMO Stadium
7vQ7xbOMD1,06037143700,109.0,7vQ7xbOMD1,BMO Stadium
7vQ7xbOMD1,06037181300,87.0,7vQ7xbOMD1,BMO Stadium
7vQ7xbOMD1,06037300901,,7vQ7xbOMD1,BMO Stadium
7vQ7xbOMD1,06037980008,,7vQ7xbOMD1,BMO Stadium
7vQ7xbOMD1,06037278102,83.0,7vQ7xbOMD1,BMO Stadium
7vQ7xbOMD1,06037101400,,7vQ7xbOMD1,BMO Stadium
7vQ7xbOMD1,06037481605,94.0,7vQ7xbOMD1,BMO Stadium
7vQ7xbOMD1,06037183402,79.0,7vQ7xbOMD1,BMO Stadium
7vQ7xbOMD1,06037183701,65.0,7vQ7xbOMD1,BMO Stadium
7vQ7xbOMD1,06037183702,72.0,7vQ7xbOMD1,BMO Stadium
7vQ7xbOMD1,06037186201,81.0,7vQ7xbOMD1,BMO Stadium
7vQ7xbOMD1,06037186203,93.0,7vQ7xbOMD1,BMO Stadium
7vQ7xbOMD1,06037186302,78.0,7vQ7xbOMD1,BMO Stadium
7vQ7xbOMD1,06037121102,,7vQ7xbOMD1,BMO Stadium
7vQ7xbOMD1,06037124104,,7vQ7xbOMD1,BMO Stadium
7vQ7xbOMD1,06037302505,66.0,7vQ7xbOMD1,BMO Stadium
7vQ7xbOMD1,06037302506,76.0,7vQ7xbOMD1,BMO Stadium
7vQ7xbOMD1,06037186403,63.0,7vQ7xbOMD1,BMO Stadium
7vQ7xbOMD1,06037186404,63.0,7vQ7xbOMD1,BMO Stadium
7vQ7xbOMD1,06037187101,66.0,7vQ7xbOMD1,BMO Stadium
7vQ7xbOMD1,06037188201,68.0,7vQ7xbOMD1,BMO Stadium
7vQ7xbOMD1,06037189101,65.0,7vQ7xbOMD1,BMO Stadium
7vQ7xbOMD1,06037189102,66.0,7vQ7xbOMD1,BMO Stadium
7vQ7xbOMD1,06037189202,68.0,7vQ7xbOMD1,BMO Stadium
7vQ7xbOMD1,06037190802,81.0,7vQ7xbOMD1,BMO Stadium
7vQ7xbOMD1,06037191301,60.0,7vQ7xbOMD1,BMO Stadium
7vQ7xbOMD1,06037191302,62.0,7vQ7xbOMD1,BMO Stadium
7vQ7xbOMD1,06037191901,80.0,7vQ7xbOMD1,BMO Stadium
7vQ7xbOMD1,06037124902,,7vQ7xbOMD1,BMO Stadium
7vQ7xbOMD1,06037481606,96.0,7vQ7xbOMD1,BMO Stadium
7vQ7xbOMD1,06037201601,94.0,7vQ7xbOMD1,BMO Stadium
7vQ7xbOMD1,06037533703,82.0,7vQ7xbOMD1,BMO Stadium
7vQ7xbOMD1,06037500404,,7vQ7xbOMD1,BMO Stadium
7vQ7xbOMD1,06037501001,,7vQ7xbOMD1,BMO Stadium
7vQ7xbOMD1,06037300301,,7vQ7xbOMD1,BMO Stadium
7vQ7xbOMD1,06037301205,95.0,7vQ7xbOMD1,BMO Stadium
7vQ7xbOMD1,06037192002,73.0,7vQ7xbOMD1,BMO Stadium
7vQ7xbOMD1,06037194401,72.0,7vQ7xbOMD1,BMO Stadium
7vQ7xbOMD1,06037194402,80.0,7vQ7xbOMD1,BMO Stadium
7vQ7xbOMD1,06037195201,74.0,7vQ7xbOMD1,BMO Stadium
7vQ7xbOMD1,06037195202,75.0,7vQ7xbOMD1,BMO Stadium
7vQ7xbOMD1,06037195804,59.0,7vQ7xbOMD1,BMO Stadium
7vQ7xbOMD1,06037195901,64.0,7vQ7xbOMD1,BMO Stadium
7vQ7xbOMD1,06037195902,64.0,7vQ7xbOMD1,BMO Stadium
7vQ7xbOMD1,06037195903,62.0,7vQ7xbOMD1,BMO Stadium
7vQ7xbOMD1,06037201602,91.0,7vQ7xbOMD1,BMO Stadium
7vQ7xbOMD1,06037240401,45.0,7vQ7xbOMD1,BMO Stadium
7vQ7xbOMD1,06037141101,,7vQ7xbOMD1,BMO Stadium
7vQ7xbOMD1,06037190202,82.0,7vQ7xbOMD1,BMO Stadium
7vQ7xbOMD1,06037207103,40.0,7vQ7xbOMD1,BMO Stadium
7vQ7xbOMD1,06037211704,53.0,7vQ7xbOMD1,BMO Stadium
7vQ7xbOMD1,06037237102,29.0,7vQ7xbOMD1,BMO Stadium
7vQ7xbOMD1,06037262704,,7vQ7xbOMD1,BMO Stadium
7vQ7xbOMD1,06037264102,112.0,7vQ7xbOMD1,BMO Stadium
7vQ7xbOMD1,06037620305,,7vQ7xbOMD1,BMO Stadium
7vQ7xbOMD1,06037621204,,7vQ7xbOMD1,BMO Stadium
7vQ7xbOMD1,06037621104,,7vQ7xbOMD1,BMO Stadium
7vQ7xbOMD1,06037650004,80.0,7vQ7xbOMD1,BMO Stadium
7vQ7xbOMD1,06037650401,,7vQ7xbOMD1,BMO Stadium
7vQ7xbOMD1,06037570402,100.0,7vQ7xbOMD1,BMO Stadium
7vQ7xbOMD1,06037570602,117.0,7vQ7xbOMD1,BMO Stadium
7vQ7xbOMD1,06037570603,108.0,7vQ7xbOMD1,BMO Stadium
7vQ7xbOMD1,06037570701,104.0,7vQ7xbOMD1,BMO Stadium
7vQ7xbOMD1,06037552302,85.0,7vQ7xbOMD1,BMO Stadium
7vQ7xbOMD1,06037553503,94.0,7vQ7xbOMD1,BMO Stadium
7vQ7xbOMD1,06037571704,,7vQ7xbOMD1,BMO Stadium
7vQ7xbOMD1,06037990200,,7vQ7xbOMD1,BMO Stadium
7vQ7xbOMD1,06037570800,113.0,7vQ7xbOMD1,BMO Stadium
7vQ7xbOMD1,06037570901,,7vQ7xbOMD1,BMO Stadium
7vQ7xbOMD1,06037570902,,7vQ7xbOMD1,BMO Stadium
7vQ7xbOMD1,06037262706,,7vQ7xbOMD1,BMO Stadium
7vQ7xbOMD1,06037604002,83.0,7vQ7xbOMD1,BMO Stadium
7vQ7xbOMD1,06037701304,,7vQ7xbOMD1,BMO Stadium
7vQ7xbOMD1,06037104703,,7vQ7xbOMD1,BMO Stadium
7vQ7xbOMD1,06037109603,,7vQ7xbOMD1,BMO Stadium
7vQ7xbOMD1,06037278001,76.0,7vQ7xbOMD1,BMO Stadium
7vQ7xbOMD1,06037502004,,7vQ7xbOMD1,BMO Stadium
7vQ7xbOMD1,06037117408,,7vQ7xbOMD1,BMO Stadium
7vQ7xbOMD1,06037117101,,7vQ7xbOMD1,BMO Stadium
7vQ7xbOMD1,06037117201,,7vQ7xbOMD1,BMO Stadium
7vQ7xbOMD1,06037117407,,7vQ7xbOMD1,BMO Stadium
7vQ7xbOMD1,06037119342,,7vQ7xbOMD1,BMO Stadium
7vQ7xbOMD1,06037121802,,7vQ7xbOMD1,BMO Stadium
7vQ7xbOMD1,06037120103,,7vQ7xbOMD1,BMO Stadium
7vQ7xbOMD1,06037700102,79.0,7vQ7xbOMD1,BMO Stadium
7vQ7xbOMD1,06037274202,88.0,7vQ7xbOMD1,BMO Stadium
7vQ7xbOMD1,06037115404,,7vQ7xbOMD1,BMO Stadium
7vQ7xbOMD1,06037117202,,7vQ7xbOMD1,BMO Stadium
7vQ7xbOMD1,06037119001,,7vQ7xbOMD1,BMO Stadium
7vQ7xbOMD1,06037119202,,7vQ7xbOMD1,BMO Stadium
7vQ7xbOMD1,06037121801,,7vQ7xbOMD1,BMO Stadium
7vQ7xbOMD1,06037123901,,7vQ7xbOMD1,BMO Stadium
7vQ7xbOMD1,06037125402,118.0,7vQ7xbOMD1,BMO Stadium
7vQ7xbOMD1,06037480304,96.0,7vQ7xbOMD1,BMO Stadium
7vQ7xbOMD1,06037533002,55.0,7vQ7xbOMD1,BMO Stadium
7vQ7xbOMD1,06037536103,83.0,7vQ7xbOMD1,BMO Stadium
7vQ7xbOMD1,06037543322,88.0,7vQ7xbOMD1,BMO Stadium
7vQ7xbOMD1,06037543400,78.0,7vQ7xbOMD1,BMO Stadium
7vQ7xbOMD1,06037543501,,7vQ7xbOMD1,BMO Stadium
7vQ7xbOMD1,06037302004,85.0,7vQ7xbOMD1,BMO Stadium
7vQ7xbOMD1,06037502801,99.0,7vQ7xbOMD1,BMO Stadium
7vQ7xbOMD1,06037301801,85.0,7vQ7xbOMD1,BMO Stadium
7vQ7xbOMD1,06037301802,78.0,7vQ7xbOMD1,BMO Stadium
7vQ7xbOMD1,06037120104,,7vQ7xbOMD1,BMO Stadium
7vQ7xbOMD1,06037302401,70.0,7vQ7xbOMD1,BMO Stadium
7vQ7xbOMD1,06037302503,78.0,7vQ7xbOMD1,BMO Stadium
7vQ7xbOMD1,06037302504,74.0,7vQ7xbOMD1,BMO Stadium
7vQ7xbOMD1,06037120107,,7vQ7xbOMD1,BMO Stadium
7vQ7xbOMD1,06037120108,,7vQ7xbOMD1,BMO Stadium
7vQ7xbOMD1,06037124103,,7vQ7xbOMD1,BMO Stadium
7vQ7xbOMD1,06037121101,,7vQ7xbOMD1,BMO Stadium
7vQ7xbOMD1,06037121221,,7vQ7xbOMD1,BMO Stadium
7vQ7xbOMD1,06037121222,,7vQ7xbOMD1,BMO Stadium
7vQ7xbOMD1,06037124105,,7vQ7xbOMD1,BMO Stadium
7vQ7xbOMD1,06037127606,,7vQ7xbOMD1,BMO Stadium
7vQ7xbOMD1,06037124203,,7vQ7xbOMD1,BMO Stadium
7vQ7xbOMD1,06037124903,,7vQ7xbOMD1,BMO Stadium
7vQ7xbOMD1,06037127604,,7vQ7xbOMD1,BMO Stadium
7vQ7xbOMD1,06037127712,,7vQ7xbOMD1,BMO Stadium
7vQ7xbOMD1,06037571600,,7vQ7xbOMD1,BMO Stadium
7vQ7xbOMD1,06037571701,,7vQ7xbOMD1,BMO Stadium
7vQ7xbOMD1,06037542104,89.0,7vQ7xbOMD1,BMO Stadium
7vQ7xbOMD1,06037980020,,7vQ7xbOMD1,BMO Stadium
7vQ7xbOMD1,06037552301,91.0,7vQ7xbOMD1,BMO Stadium
7vQ7xbOMD1,06037208401,46.0,7vQ7xbOMD1,BMO Stadium
7vQ7xbOMD1,06037208302,48.0,7vQ7xbOMD1,BMO Stadium
7vQ7xbOMD1,06037208402,51.0,7vQ7xbOMD1,BMO Stadium
7vQ7xbOMD1,06037208502,46.0,7vQ7xbOMD1,BMO Stadium
7vQ7xbOMD1,06037208801,40.0,7vQ7xbOMD1,BMO Stadium
7vQ7xbOMD1,06037209103,39.0,7vQ7xbOMD1,BMO Stadium
7vQ7xbOMD1,06037310501,,7vQ7xbOMD1,BMO Stadium
7vQ7xbOMD1,06037209104,41.0,7vQ7xbOMD1,BMO Stadium
7vQ7xbOMD1,06037310201,110.0,7vQ7xbOMD1,BMO Stadium
7vQ7xbOMD1,06037310202,105.0,7vQ7xbOMD1,BMO Stadium
7vQ7xbOMD1,06037310601,115.0,7vQ7xbOMD1,BMO Stadium
7vQ7xbOMD1,06037533803,75.0,7vQ7xbOMD1,BMO Stadium
7vQ7xbOMD1,06037533804,77.0,7vQ7xbOMD1,BMO Stadium
7vQ7xbOMD1,06037533901,79.0,7vQ7xbOMD1,BMO Stadium
7vQ7xbOMD1,06037310602,105.0,7vQ7xbOMD1,BMO Stadium
7vQ7xbOMD1,06037120105,,7vQ7xbOMD1,BMO Stadium
7vQ7xbOMD1,06037139401,,7vQ7xbOMD1,BMO Stadium
7vQ7xbOMD1,06037550201,84.0,7vQ7xbOMD1,BMO Stadium
7vQ7xbOMD1,06037533902,87.0,7vQ7xbOMD1,BMO Stadium
7vQ7xbOMD1,06037534001,87.0,7vQ7xbOMD1,BMO Stadium
7vQ7xbOMD1,06037221304,47.0,7vQ7xbOMD1,BMO Stadium
7vQ7xbOMD1,06037550202,71.0,7vQ7xbOMD1,BMO Stadium
7vQ7xbOMD1,06037550601,111.0,7vQ7xbOMD1,BMO Stadium
7vQ7xbOMD1,06037550602,95.0,7vQ7xbOMD1,BMO Stadium
7vQ7xbOMD1,06037550901,89.0,7vQ7xbOMD1,BMO Stadium
7vQ7xbOMD1,06037980024,,7vQ7xbOMD1,BMO Stadium
7vQ7xbOMD1,06037211201,56.0,7vQ7xbOMD1,BMO Stadium
7vQ7xbOMD1,06037212502,47.0,7vQ7xbOMD1,BMO Stadium
7vQ7xbOMD1,06037212702,59.0,7vQ7xbOMD1,BMO Stadium
7vQ7xbOMD1,06037214501,65.0,7vQ7xbOMD1,BMO Stadium
7vQ7xbOMD1,06037215101,65.0,7vQ7xbOMD1,BMO Stadium
7vQ7xbOMD1,06037216401,72.0,7vQ7xbOMD1,BMO Stadium
7vQ7xbOMD1,06037216402,73.0,7vQ7xbOMD1,BMO Stadium
7vQ7xbOMD1,06037217001,76.0,7vQ7xbOMD1,BMO Stadium
7vQ7xbOMD1,06037218701,49.0,7vQ7xbOMD1,BMO Stadium
7vQ7xbOMD1,06037218702,37.0,7vQ7xbOMD1,BMO Stadium
7vQ7xbOMD1,06037219902,46.0,7vQ7xbOMD1,BMO Stadium
7vQ7xbOMD1,06037183103,75.0,7vQ7xbOMD1,BMO Stadium
7vQ7xbOMD1,06037221401,34.0,7vQ7xbOMD1,BMO Stadium
7vQ7xbOMD1,06037122122,,7vQ7xbOMD1,BMO Stadium
7vQ7xbOMD1,06037127805,,7vQ7xbOMD1,BMO Stadium
7vQ7xbOMD1,06037551102,84.0,7vQ7xbOMD1,BMO Stadium
7vQ7xbOMD1,06037183104,79.0,7vQ7xbOMD1,BMO Stadium
7vQ7xbOMD1,06037543801,,7vQ7xbOMD1,BMO Stadium
7vQ7xbOMD1,06037186301,74.0,7vQ7xbOMD1,BMO Stadium
7vQ7xbOMD1,06037531503,68.0,7vQ7xbOMD1,BMO Stadium
7vQ7xbOMD1,06037531504,70.0,7vQ7xbOMD1,BMO Stadium
7vQ7xbOMD1,06037550902,98.0,7vQ7xbOMD1,BMO Stadium
7vQ7xbOMD1,06037551101,88.0,7vQ7xbOMD1,BMO Stadium
7vQ7xbOMD1,06037551402,88.0,7vQ7xbOMD1,BMO Stadium
7vQ7xbOMD1,06037551501,96.0,7vQ7xbOMD1,BMO Stadium
7vQ7xbOMD1,06037551502,104.0,7vQ7xbOMD1,BMO Stadium
7vQ7xbOMD1,06037552001,69.0,7vQ7xbOMD1,BMO Stadium
7vQ7xbOMD1,06037552002,73.0,7vQ7xbOMD1,BMO Stadium
7vQ7xbOMD1,06037980010,68.0,7vQ7xbOMD1,BMO Stadium
7vQ7xbOMD1,06037980013,89.0,7vQ7xbOMD1,BMO Stadium
7vQ7xbOMD1,06037222002,36.0,7vQ7xbOMD1,BMO Stadium
7vQ7xbOMD1,06037226001,42.0,7vQ7xbOMD1,BMO Stadium
7vQ7xbOMD1,06037226002,40.0,7vQ7xbOMD1,BMO Stadium
7vQ7xbOMD1,06037221402,36.0,7vQ7xbOMD1,BMO Stadium
7vQ7xbOMD1,06037211703,56.0,7vQ7xbOMD1,BMO Stadium
7vQ7xbOMD1,06037207101,45.0,7vQ7xbOMD1,BMO Stadium
7vQ7xbOMD1,06037207102,41.0,7vQ7xbOMD1,BMO Stadium
7vQ7xbOMD1,06037207502,33.0,7vQ7xbOMD1,BMO Stadium
7vQ7xbOMD1,06037212701,55.0,7vQ7xbOMD1,BMO Stadium
7vQ7xbOMD1,06037533806,83.0,7vQ7xbOMD1,BMO Stadium
7vQ7xbOMD1,06037535002,57.0,7vQ7xbOMD1,BMO Stadium
7vQ7xbOMD1,06037534002,91.0,7vQ7xbOMD1,BMO Stadium
7vQ7xbOMD1,06037534101,82.0,7vQ7xbOMD1,BMO Stadium
7vQ7xbOMD1,06037534202,91.0,7vQ7xbOMD1,BMO Stadium
7vQ7xbOMD1,06037542700,67.0,7vQ7xbOMD1,BMO Stadium
7vQ7xbOMD1,06037650001,82.0,7vQ7xbOMD1,BMO Stadium
7vQ7xbOMD1,06037650101,106.0,7vQ7xbOMD1,BMO Stadium
7vQ7xbOMD1,06037650102,89.0,7vQ7xbOMD1,BMO Stadium
7vQ7xbOMD1,06037650200,117.0,7vQ7xbOMD1,BMO Stadium
7vQ7xbOMD1,06037534301,79.0,7vQ7xbOMD1,BMO Stadium
7vQ7xbOMD1,06037534302,89.0,7vQ7xbOMD1,BMO Stadium
7vQ7xbOMD1,06037534203,96.0,7vQ7xbOMD1,BMO Stadium
7vQ7xbOMD1,06037534404,84.0,7vQ7xbOMD1,BMO Stadium
7vQ7xbOMD1,06037534405,87.0,7vQ7xbOMD1,BMO Stadium
7vQ7xbOMD1,06037541605,79.0,7vQ7xbOMD1,BMO Stadium
7vQ7xbOMD1,06037541801,92.0,7vQ7xbOMD1,BMO Stadium
7vQ7xbOMD1,06037541802,91.0,7vQ7xbOMD1,BMO Stadium
7vQ7xbOMD1,06037542000,81.0,7vQ7xbOMD1,BMO Stadium
7vQ7xbOMD1,06037650300,84.0,7vQ7xbOMD1,BMO Stadium
7vQ7xbOMD1,06037650501,,7vQ7xbOMD1,BMO Stadium
7vQ7xbOMD1,06037650502,,7vQ7xbOMD1,BMO Stadium
7vQ7xbOMD1,06037542401,80.0,7vQ7xbOMD1,BMO Stadium
7vQ7xbOMD1,06037542402,93.0,7vQ7xbOMD1,BMO Stadium
7vQ7xbOMD1,06037542502,75.0,7vQ7xbOMD1,BMO Stadium
7vQ7xbOMD1,06037602900,61.0,7vQ7xbOMD1,BMO Stadium
7vQ7xbOMD1,06037603004,58.0,7vQ7xbOMD1,BMO Stadium
7vQ7xbOMD1,06037542601,67.0,7vQ7xbOMD1,BMO Stadium
7vQ7xbOMD1,06037542602,67.0,7vQ7xbOMD1,BMO Stadium
7vQ7xbOMD1,06037542800,63.0,7vQ7xbOMD1,BMO Stadium
7vQ7xbOMD1,06037542900,70.0,7vQ7xbOMD1,BMO Stadium
7vQ7xbOMD1,06059110115,,7vQ7xbOMD1,BMO Stadium
7vQ7xbOMD1,06037603101,68.0,7vQ7xbOMD1,BMO Stadium
7vQ7xbOMD1,06037603200,62.0,7vQ7xbOMD1,BMO Stadium
7vQ7xbOMD1,06037603301,113.0,7vQ7xbOMD1,BMO Stadium
7vQ7xbOMD1,06037603302,104.0,7vQ7xbOMD1,BMO Stadium
7vQ7xbOMD1,06037603400,62.0,7vQ7xbOMD1,BMO Stadium
7vQ7xbOMD1,06037603500,59.0,7vQ7xbOMD1,BMO Stadium
7vQ7xbOMD1,06037603600,70.0,7vQ7xbOMD1,BMO Stadium
7vQ7xbOMD1,06037603702,73.0,7vQ7xbOMD1,BMO Stadium
7vQ7xbOMD1,06037620102,,7vQ7xbOMD1,BMO Stadium
7vQ7xbOMD1,06037620002,90.0,7vQ7xbOMD1,BMO Stadium
7vQ7xbOMD1,06037620101,,7vQ7xbOMD1,BMO Stadium
7vQ7xbOMD1,06037551201,104.0,7vQ7xbOMD1,BMO Stadium
7vQ7xbOMD1,06037551300,92.0,7vQ7xbOMD1,BMO Stadium
7vQ7xbOMD1,06037551700,98.0,7vQ7xbOMD1,BMO Stadium
7vQ7xbOMD1,06037534406,89.0,7vQ7xbOMD1,BMO Stadium
7vQ7xbOMD1,06037534502,82.0,7vQ7xbOMD1,BMO Stadium
7vQ7xbOMD1,06037534802,68.0,7vQ7xbOMD1,BMO Stadium
7vQ7xbOMD1,06037534803,65.0,7vQ7xbOMD1,BMO Stadium
7vQ7xbOMD1,06037534804,71.0,7vQ7xbOMD1,BMO Stadium
7vQ7xbOMD1,06037550700,103.0,7vQ7xbOMD1,BMO Stadium
7vQ7xbOMD1,06037600100,43.0,7vQ7xbOMD1,BMO Stadium
7vQ7xbOMD1,06037600201,46.0,7vQ7xbOMD1,BMO Stadium
7vQ7xbOMD1,06037600202,50.0,7vQ7xbOMD1,BMO Stadium
7vQ7xbOMD1,06037600302,50.0,7vQ7xbOMD1,BMO Stadium
7vQ7xbOMD1,06037600400,54.0,7vQ7xbOMD1,BMO Stadium
7vQ7xbOMD1,06037600501,62.0,7vQ7xbOMD1,BMO Stadium
7vQ7xbOMD1,06037620501,88.0,7vQ7xbOMD1,BMO Stadium
7vQ7xbOMD1,06037620522,,7vQ7xbOMD1,BMO Stadium
7vQ7xbOMD1,06037620400,84.0,7vQ7xbOMD1,BMO Stadium
7vQ7xbOMD1,06037620601,91.0,7vQ7xbOMD1,BMO Stadium
7vQ7xbOMD1,06037534900,63.0,7vQ7xbOMD1,BMO Stadium
7vQ7xbOMD1,06037535101,58.0,7vQ7xbOMD1,BMO Stadium
7vQ7xbOMD1,06037535102,53.0,7vQ7xbOMD1,BMO Stadium
7vQ7xbOMD1,06037535200,60.0,7vQ7xbOMD1,BMO Stadium
7vQ7xbOMD1,06037535300,59.0,7vQ7xbOMD1,BMO Stadium
7vQ7xbOMD1,06037535400,66.0,7vQ7xbOMD1,BMO Stadium
7vQ7xbOMD1,06037535502,70.0,7vQ7xbOMD1,BMO Stadium
7vQ7xbOMD1,06037535603,61.0,7vQ7xbOMD1,BMO Stadium
7vQ7xbOMD1,06037535605,69.0,7vQ7xbOMD1,BMO Stadium
7vQ7xbOMD1,06037600601,60.0,7vQ7xbOMD1,BMO Stadium
7vQ7xbOMD1,06037600602,65.0,7vQ7xbOMD1,BMO Stadium
7vQ7xbOMD1,06037600702,74.0,7vQ7xbOMD1,BMO Stadium
7vQ7xbOMD1,06037600703,65.0,7vQ7xbOMD1,BMO Stadium
7vQ7xbOMD1,06037600704,56.0,7vQ7xbOMD1,BMO Stadium
7vQ7xbOMD1,06037600801,55.0,7vQ7xbOMD1,BMO Stadium
7vQ7xbOMD1,06037600802,64.0,7vQ7xbOMD1,BMO Stadium
7vQ7xbOMD1,06037600902,57.0,7vQ7xbOMD1,BMO Stadium
7vQ7xbOMD1,06037600911,59.0,7vQ7xbOMD1,BMO Stadium
7vQ7xbOMD1,06037530005,,7vQ7xbOMD1,BMO Stadium
7vQ7xbOMD1,06037530101,,7vQ7xbOMD1,BMO Stadium
7vQ7xbOMD1,06037530102,95.0,7vQ7xbOMD1,BMO Stadium
7vQ7xbOMD1,06037530203,95.0,7vQ7xbOMD1,BMO Stadium
7vQ7xbOMD1,06037530204,86.0,7vQ7xbOMD1,BMO Stadium
7vQ7xbOMD1,06037535701,72.0,7vQ7xbOMD1,BMO Stadium
7vQ7xbOMD1,06037535702,66.0,7vQ7xbOMD1,BMO Stadium
7vQ7xbOMD1,06037535802,80.0,7vQ7xbOMD1,BMO Stadium
7vQ7xbOMD1,06037535803,71.0,7vQ7xbOMD1,BMO Stadium
7vQ7xbOMD1,06037535606,68.0,7vQ7xbOMD1,BMO Stadium
7vQ7xbOMD1,06037535804,74.0,7vQ7xbOMD1,BMO Stadium
7vQ7xbOMD1,06037535901,74.0,7vQ7xbOMD1,BMO Stadium
7vQ7xbOMD1,06037536000,71.0,7vQ7xbOMD1,BMO Stadium
7vQ7xbOMD1,06037535607,78.0,7vQ7xbOMD1,BMO Stadium
7vQ7xbOMD1,06037536102,83.0,7vQ7xbOMD1,BMO Stadium
7vQ7xbOMD1,06037540000,102.0,7vQ7xbOMD1,BMO Stadium
7vQ7xbOMD1,06037540101,86.0,7vQ7xbOMD1,BMO Stadium
7vQ7xbOMD1,06037540102,99.0,7vQ7xbOMD1,BMO Stadium
7vQ7xbOMD1,06037540202,88.0,7vQ7xbOMD1,BMO Stadium
7vQ7xbOMD1,06037540203,89.0,7vQ7xbOMD1,BMO Stadium
7vQ7xbOMD1,06037551900,76.0,7vQ7xbOMD1,BMO Stadium
7vQ7xbOMD1,06037552100,83.0,7vQ7xbOMD1,BMO Stadium
7vQ7xbOMD1,06037552200,78.0,7vQ7xbOMD1,BMO Stadium
7vQ7xbOMD1,06037600912,54.0,7vQ7xbOMD1,BMO Stadium
7vQ7xbOMD1,06037601001,55.0,7vQ7xbOMD1,BMO Stadium
7vQ7xbOMD1,06037601100,62.0,7vQ7xbOMD1,BMO Stadium
7vQ7xbOMD1,06037601211,57.0,7vQ7xbOMD1,BMO Stadium
7vQ7xbOMD1,06037601212,61.0,7vQ7xbOMD1,BMO Stadium
7vQ7xbOMD1,06037601301,59.0,7vQ7xbOMD1,BMO Stadium
7vQ7xbOMD1,06037601302,65.0,7vQ7xbOMD1,BMO Stadium
7vQ7xbOMD1,06037601401,66.0,7vQ7xbOMD1,BMO Stadium
7vQ7xbOMD1,06037273700,99.0,7vQ7xbOMD1,BMO Stadium
7vQ7xbOMD1,06037273800,91.0,7vQ7xbOMD1,BMO Stadium
7vQ7xbOMD1,06037552400,84.0,7vQ7xbOMD1,BMO Stadium
7vQ7xbOMD1,06037552602,90.0,7vQ7xbOMD1,BMO Stadium
7vQ7xbOMD1,06037540300,82.0,7vQ7xbOMD1,BMO Stadium
7vQ7xbOMD1,06037540400,82.0,7vQ7xbOMD1,BMO Stadium
7vQ7xbOMD1,06037540501,89.0,7vQ7xbOMD1,BMO Stadium
7vQ7xbOMD1,06037540600,73.0,7vQ7xbOMD1,BMO Stadium
7vQ7xbOMD1,06037540700,66.0,7vQ7xbOMD1,BMO Stadium
7vQ7xbOMD1,06037540901,56.0,7vQ7xbOMD1,BMO Stadium
7vQ7xbOMD1,06037540902,59.0,7vQ7xbOMD1,BMO Stadium
7vQ7xbOMD1,06037274100,88.0,7vQ7xbOMD1,BMO Stadium
7vQ7xbOMD1,06037222100,33.0,7vQ7xbOMD1,BMO Stadium
7vQ7xbOMD1,06037221500,32.0,7vQ7xbOMD1,BMO Stadium
7vQ7xbOMD1,06037221710,25.0,7vQ7xbOMD1,BMO Stadium
7vQ7xbOMD1,06037221900,23.0,7vQ7xbOMD1,BMO Stadium
7vQ7xbOMD1,06037222200,30.0,7vQ7xbOMD1,BMO Stadium
7vQ7xbOMD1,06037222500,32.0,7vQ7xbOMD1,BMO Stadium
7vQ7xbOMD1,06037235100,48.0,7vQ7xbOMD1,BMO Stadium
7vQ7xbOMD1,06037222700,15.0,7vQ7xbOMD1,BMO Stadium
7vQ7xbOMD1,06037224010,25.0,7vQ7xbOMD1,BMO Stadium
7vQ7xbOMD1,06037224020,24.0,7vQ7xbOMD1,BMO Stadium
7vQ7xbOMD1,06037234600,38.0,7vQ7xbOMD1,BMO Stadium
7vQ7xbOMD1,06037234700,40.0,7vQ7xbOMD1,BMO Stadium
7vQ7xbOMD1,06037265100,89.0,7vQ7xbOMD1,BMO Stadium
7vQ7xbOMD1,06037265301,102.0,7vQ7xbOMD1,BMO Stadium
7vQ7xbOMD1,06037265303,102.0,7vQ7xbOMD1,BMO Stadium
7vQ7xbOMD1,06037265304,101.0,7vQ7xbOMD1,BMO Stadium
7vQ7xbOMD1,06037265410,110.0,7vQ7xbOMD1,BMO Stadium
7vQ7xbOMD1,06037238310,39.0,7vQ7xbOMD1,BMO Stadium
7vQ7xbOMD1,06037237720,37.0,7vQ7xbOMD1,BMO Stadium
7vQ7xbOMD1,06037237800,38.0,7vQ7xbOMD1,BMO Stadium
7vQ7xbOMD1,06037238000,48.0,7vQ7xbOMD1,BMO Stadium
7vQ7xbOMD1,06037238100,43.0,7vQ7xbOMD1,BMO Stadium
7vQ7xbOMD1,06037238200,41.0,7vQ7xbOMD1,BMO Stadium
7vQ7xbOMD1,06037238320,35.0,7vQ7xbOMD1,BMO Stadium
7vQ7xbOMD1,06037211310,51.0,7vQ7xbOMD1,BMO Stadium
7vQ7xbOMD1,06037238400,43.0,7vQ7xbOMD1,BMO Stadium
7vQ7xbOMD1,06037239320,35.0,7vQ7xbOMD1,BMO Stadium
7vQ7xbOMD1,06037211000,61.0,7vQ7xbOMD1,BMO Stadium
7vQ7xbOMD1,06037211410,58.0,7vQ7xbOMD1,BMO Stadium
7vQ7xbOMD1,06037212202,42.0,7vQ7xbOMD1,BMO Stadium
7vQ7xbOMD1,06037211500,60.0,7vQ7xbOMD1,BMO Stadium
7vQ7xbOMD1,06037211701,58.0,7vQ7xbOMD1,BMO Stadium
7vQ7xbOMD1,06037211910,51.0,7vQ7xbOMD1,BMO Stadium
7vQ7xbOMD1,06037212204,44.0,7vQ7xbOMD1,BMO Stadium
7vQ7xbOMD1,06037212304,47.0,7vQ7xbOMD1,BMO Stadium
7vQ7xbOMD1,06037212620,54.0,7vQ7xbOMD1,BMO Stadium
7vQ7xbOMD1,06037212306,41.0,7vQ7xbOMD1,BMO Stadium
7vQ7xbOMD1,06037212420,47.0,7vQ7xbOMD1,BMO Stadium
7vQ7xbOMD1,06037212610,55.0,7vQ7xbOMD1,BMO Stadium
7vQ7xbOMD1,06037212800,60.0,7vQ7xbOMD1,BMO Stadium
7vQ7xbOMD1,06037224600,20.0,7vQ7xbOMD1,BMO Stadium
7vQ7xbOMD1,06037212900,54.0,7vQ7xbOMD1,BMO Stadium
7vQ7xbOMD1,06037213100,53.0,7vQ7xbOMD1,BMO Stadium
7vQ7xbOMD1,06037224200,29.0,7vQ7xbOMD1,BMO Stadium
7vQ7xbOMD1,06037224320,30.0,7vQ7xbOMD1,BMO Stadium
7vQ7xbOMD1,06037224420,22.0,7vQ7xbOMD1,BMO Stadium
7vQ7xbOMD1,06037265420,107.0,7vQ7xbOMD1,BMO Stadium
7vQ7xbOMD1,06037267800,119.0,7vQ7xbOMD1,BMO Stadium
7vQ7xbOMD1,06037267600,119.0,7vQ7xbOMD1,BMO Stadium
7vQ7xbOMD1,06037267700,117.0,7vQ7xbOMD1,BMO Stadium
7vQ7xbOMD1,06037235201,43.0,7vQ7xbOMD1,BMO Stadium
7vQ7xbOMD1,06037235202,44.0,7vQ7xbOMD1,BMO Stadium
7vQ7xbOMD1,06037269800,80.0,7vQ7xbOMD1,BMO Stadium
7vQ7xbOMD1,06037228210,40.0,7vQ7xbOMD1,BMO Stadium
7vQ7xbOMD1,06037226410,31.0,7vQ7xbOMD1,BMO Stadium
7vQ7xbOMD1,06037227020,43.0,7vQ7xbOMD1,BMO Stadium
7vQ7xbOMD1,06037228100,45.0,7vQ7xbOMD1,BMO Stadium
7vQ7xbOMD1,06037228220,40.0,7vQ7xbOMD1,BMO Stadium
7vQ7xbOMD1,06037228310,28.0,7vQ7xbOMD1,BMO Stadium
7vQ7xbOMD1,06037228320,32.0,7vQ7xbOMD1,BMO Stadium
7vQ7xbOMD1,06037228420,22.0,7vQ7xbOMD1,BMO Stadium
7vQ7xbOMD1,06037228710,42.0,7vQ7xbOMD1,BMO Stadium
7vQ7xbOMD1,06037228720,41.0,7vQ7xbOMD1,BMO Stadium
7vQ7xbOMD1,06037269000,,7vQ7xbOMD1,BMO Stadium
7vQ7xbOMD1,06037269100,81.0,7vQ7xbOMD1,BMO Stadium
7vQ7xbOMD1,06037269300,,7vQ7xbOMD1,BMO Stadium
7vQ7xbOMD1,06037269500,83.0,7vQ7xbOMD1,BMO Stadium
7vQ7xbOMD1,06037269700,68.0,7vQ7xbOMD1,BMO Stadium
7vQ7xbOMD1,06037228800,43.0,7vQ7xbOMD1,BMO Stadium
7vQ7xbOMD1,06037228900,53.0,7vQ7xbOMD1,BMO Stadium
7vQ7xbOMD1,06037229100,49.0,7vQ7xbOMD1,BMO Stadium
7vQ7xbOMD1,06037231400,26.0,7vQ7xbOMD1,BMO Stadium
7vQ7xbOMD1,06037237710,36.0,7vQ7xbOMD1,BMO Stadium
7vQ7xbOMD1,06037239330,42.0,7vQ7xbOMD1,BMO Stadium
7vQ7xbOMD1,06037240700,55.0,7vQ7xbOMD1,BMO Stadium
7vQ7xbOMD1,06037240800,55.0,7vQ7xbOMD1,BMO Stadium
7vQ7xbOMD1,06037241110,47.0,7vQ7xbOMD1,BMO Stadium
7vQ7xbOMD1,06037241120,47.0,7vQ7xbOMD1,BMO Stadium
7vQ7xbOMD1,06037241400,47.0,7vQ7xbOMD1,BMO Stadium
7vQ7xbOMD1,06037262302,,7vQ7xbOMD1,BMO Stadium
7vQ7xbOMD1,06037229200,38.0,7vQ7xbOMD1,BMO Stadium
7vQ7xbOMD1,06037229300,29.0,7vQ7xbOMD1,BMO Stadium
7vQ7xbOMD1,06037229410,31.0,7vQ7xbOMD1,BMO Stadium
7vQ7xbOMD1,06037229420,41.0,7vQ7xbOMD1,BMO Stadium
7vQ7xbOMD1,06037231100,13.0,7vQ7xbOMD1,BMO Stadium
7vQ7xbOMD1,06037231210,21.0,7vQ7xbOMD1,BMO Stadium
7vQ7xbOMD1,06037231220,9.0,7vQ7xbOMD1,BMO Stadium
7vQ7xbOMD1,06037231710,12.0,7vQ7xbOMD1,BMO Stadium
7vQ7xbOMD1,06037240010,46.0,7vQ7xbOMD1,BMO Stadium
7vQ7xbOMD1,06037240200,37.0,7vQ7xbOMD1,BMO Stadium
7vQ7xbOMD1,06037240500,47.0,7vQ7xbOMD1,BMO Stadium
7vQ7xbOMD1,06037270200,56.0,7vQ7xbOMD1,BMO Stadium
7vQ7xbOMD1,06037270300,51.0,7vQ7xbOMD1,BMO Stadium
7vQ7xbOMD1,06037271100,,7vQ7xbOMD1,BMO Stadium
7vQ7xbOMD1,06037271200,,7vQ7xbOMD1,BMO Stadium
7vQ7xbOMD1,06037271300,,7vQ7xbOMD1,BMO Stadium
7vQ7xbOMD1,06037271400,106.0,7vQ7xbOMD1,BMO Stadium
7vQ7xbOMD1,06037231800,17.0,7vQ7xbOMD1,BMO Stadium
7vQ7xbOMD1,06037232110,20.0,7vQ7xbOMD1,BMO Stadium
7vQ7xbOMD1,06037232200,26.0,7vQ7xbOMD1,BMO Stadium
7vQ7xbOMD1,06037242700,76.0,7vQ7xbOMD1,BMO Stadium
7vQ7xbOMD1,06037242100,73.0,7vQ7xbOMD1,BMO Stadium
7vQ7xbOMD1,06037243100,79.0,7vQ7xbOMD1,BMO Stadium
7vQ7xbOMD1,06037261200,,7vQ7xbOMD1,BMO Stadium
7vQ7xbOMD1,06037311801,96.0,7vQ7xbOMD1,BMO Stadium
7vQ7xbOMD1,06037534403,80.0,7vQ7xbOMD1,BMO Stadium
7vQ7xbOMD1,06037221820,24.0,7vQ7xbOMD1,BMO Stadium
7vQ7xbOMD1,06037531602,66.0,7vQ7xbOMD1,BMO Stadium
7vQ7xbOMD1,06037219700,45.0,7vQ7xbOMD1,BMO Stadium
7vQ7xbOMD1,06037242000,66.0,7vQ7xbOMD1,BMO Stadium
7vQ7xbOMD1,06037264000,118.0,7vQ7xbOMD1,BMO Stadium
7vQ7xbOMD1,06037267502,109.0,7vQ7xbOMD1,BMO Stadium
7vQ7xbOMD1,06037503000,,7vQ7xbOMD1,BMO Stadium
7vQ7xbOMD1,06037463800,104.0,7vQ7xbOMD1,BMO Stadium
7vQ7xbOMD1,06037463900,104.0,7vQ7xbOMD1,BMO Stadium
7vQ7xbOMD1,06037464000,104.0,7vQ7xbOMD1,BMO Stadium
7vQ7xbOMD1,06037464200,91.0,7vQ7xbOMD1,BMO Stadium
7vQ7xbOMD1,06037271500,103.0,7vQ7xbOMD1,BMO Stadium
7vQ7xbOMD1,06037272301,86.0,7vQ7xbOMD1,BMO Stadium
7vQ7xbOMD1,06037272302,82.0,7vQ7xbOMD1,BMO Stadium
7vQ7xbOMD1,06037273100,110.0,7vQ7xbOMD1,BMO Stadium
7vQ7xbOMD1,06037273200,108.0,7vQ7xbOMD1,BMO Stadium
7vQ7xbOMD1,06037273300,104.0,7vQ7xbOMD1,BMO Stadium
7vQ7xbOMD1,06037273600,93.0,7vQ7xbOMD1,BMO Stadium
7vQ7xbOMD1,06037480803,86.0,7vQ7xbOMD1,BMO Stadium
7vQ7xbOMD1,06037501400,,7vQ7xbOMD1,BMO Stadium
7vQ7xbOMD1,06037480804,89.0,7vQ7xbOMD1,BMO Stadium
7vQ7xbOMD1,06037480903,95.0,7vQ7xbOMD1,BMO Stadium
7vQ7xbOMD1,06037481002,99.0,7vQ7xbOMD1,BMO Stadium
7vQ7xbOMD1,06037481101,94.0,7vQ7xbOMD1,BMO Stadium
7vQ7xbOMD1,06037481102,104.0,7vQ7xbOMD1,BMO Stadium
7vQ7xbOMD1,06037481103,101.0,7vQ7xbOMD1,BMO Stadium
7vQ7xbOMD1,06037481201,113.0,7vQ7xbOMD1,BMO Stadium
7vQ7xbOMD1,06037481300,100.0,7vQ7xbOMD1,BMO Stadium
7vQ7xbOMD1,06037601900,69.0,7vQ7xbOMD1,BMO Stadium
7vQ7xbOMD1,06037534501,79.0,7vQ7xbOMD1,BMO Stadium
7vQ7xbOMD1,06037232120,23.0,7vQ7xbOMD1,BMO Stadium
7vQ7xbOMD1,06037502100,,7vQ7xbOMD1,BMO Stadium
7vQ7xbOMD1,06037502200,,7vQ7xbOMD1,BMO Stadium
7vQ7xbOMD1,06037502401,109.0,7vQ7xbOMD1,BMO Stadium
7vQ7xbOMD1,06037502402,110.0,7vQ7xbOMD1,BMO Stadium
7vQ7xbOMD1,06037481604,102.0,7vQ7xbOMD1,BMO Stadium
7vQ7xbOMD1,06037481712,86.0,7vQ7xbOMD1,BMO Stadium
7vQ7xbOMD1,06037481713,82.0,7vQ7xbOMD1,BMO Stadium
7vQ7xbOMD1,06037481714,78.0,7vQ7xbOMD1,BMO Stadium
7vQ7xbOMD1,06037481800,86.0,7vQ7xbOMD1,BMO Stadium
7vQ7xbOMD1,06037481901,85.0,7vQ7xbOMD1,BMO Stadium
7vQ7xbOMD1,06037481500,92.0,7vQ7xbOMD1,BMO Stadium
7vQ7xbOMD1,06037553702,97.0,7vQ7xbOMD1,BMO Stadium
7vQ7xbOMD1,06037481902,84.0,7vQ7xbOMD1,BMO Stadium
7vQ7xbOMD1,06037482001,74.0,7vQ7xbOMD1,BMO Stadium
7vQ7xbOMD1,06037482101,77.0,7vQ7xbOMD1,BMO Stadium
7vQ7xbOMD1,06037482102,83.0,7vQ7xbOMD1,BMO Stadium
7vQ7xbOMD1,06037502500,98.0,7vQ7xbOMD1,BMO Stadium
7vQ7xbOMD1,06037502602,104.0,7vQ7xbOMD1,BMO Stadium
7vQ7xbOMD1,06037500500,,7vQ7xbOMD1,BMO Stadium
7vQ7xbOMD1,06037500700,,7vQ7xbOMD1,BMO Stadium
7vQ7xbOMD1,06037500402,,7vQ7xbOMD1,BMO Stadium
7vQ7xbOMD1,06037500800,,7vQ7xbOMD1,BMO Stadium
7vQ7xbOMD1,06037500900,,7vQ7xbOMD1,BMO Stadium
7vQ7xbOMD1,06037480400,85.0,7vQ7xbOMD1,BMO Stadium
7vQ7xbOMD1,06037480500,86.0,7vQ7xbOMD1,BMO Stadium
7vQ7xbOMD1,06037553100,93.0,7vQ7xbOMD1,BMO Stadium
7vQ7xbOMD1,06037553300,79.0,7vQ7xbOMD1,BMO Stadium
7vQ7xbOMD1,06037553400,87.0,7vQ7xbOMD1,BMO Stadium
7vQ7xbOMD1,06037553502,85.0,7vQ7xbOMD1,BMO Stadium
7vQ7xbOMD1,06037553601,89.0,7vQ7xbOMD1,BMO Stadium
7vQ7xbOMD1,06037553701,84.0,7vQ7xbOMD1,BMO Stadium
7vQ7xbOMD1,06037554403,112.0,7vQ7xbOMD1,BMO Stadium
7vQ7xbOMD1,06037554404,,7vQ7xbOMD1,BMO Stadium
7vQ7xbOMD1,06037554512,106.0,7vQ7xbOMD1,BMO Stadium
7vQ7xbOMD1,06037554514,100.0,7vQ7xbOMD1,BMO Stadium
7vQ7xbOMD1,06037602402,74.0,7vQ7xbOMD1,BMO Stadium
7vQ7xbOMD1,06037602403,74.0,7vQ7xbOMD1,BMO Stadium
7vQ7xbOMD1,06037602404,67.0,7vQ7xbOMD1,BMO Stadium
7vQ7xbOMD1,06037531502,65.0,7vQ7xbOMD1,BMO Stadium
7vQ7xbOMD1,06037531603,74.0,7vQ7xbOMD1,BMO Stadium
7vQ7xbOMD1,06037531604,66.0,7vQ7xbOMD1,BMO Stadium
7vQ7xbOMD1,06037531701,70.0,7vQ7xbOMD1,BMO Stadium
7vQ7xbOMD1,06037531702,67.0,7vQ7xbOMD1,BMO Stadium
7vQ7xbOMD1,06037531901,71.0,7vQ7xbOMD1,BMO Stadium
7vQ7xbOMD1,06037531902,73.0,7vQ7xbOMD1,BMO Stadium
7vQ7xbOMD1,06037532001,88.0,7vQ7xbOMD1,BMO Stadium
7vQ7xbOMD1,06037532101,,7vQ7xbOMD1,BMO Stadium
7vQ7xbOMD1,06037532002,93.0,7vQ7xbOMD1,BMO Stadium
7vQ7xbOMD1,06037532200,108.0,7vQ7xbOMD1,BMO Stadium
7vQ7xbOMD1,06037553801,95.0,7vQ7xbOMD1,BMO Stadium
7vQ7xbOMD1,06037553802,104.0,7vQ7xbOMD1,BMO Stadium
7vQ7xbOMD1,06037553901,95.0,7vQ7xbOMD1,BMO Stadium
7vQ7xbOMD1,06037554002,94.0,7vQ7xbOMD1,BMO Stadium
7vQ7xbOMD1,06037554101,88.0,7vQ7xbOMD1,BMO Stadium
7vQ7xbOMD1,06037554201,111.0,7vQ7xbOMD1,BMO Stadium
7vQ7xbOMD1,06037554515,102.0,7vQ7xbOMD1,BMO Stadium
7vQ7xbOMD1,06037554516,114.0,7vQ7xbOMD1,BMO Stadium
7vQ7xbOMD1,06037554519,,7vQ7xbOMD1,BMO Stadium
7vQ7xbOMD1,06037554521,105.0,7vQ7xbOMD1,BMO Stadium
7vQ7xbOMD1,06037554522,103.0,7vQ7xbOMD1,BMO Stadium
7vQ7xbOMD1,06037554700,89.0,7vQ7xbOMD1,BMO Stadium
7vQ7xbOMD1,06037554801,85.0,7vQ7xbOMD1,BMO Stadium
7vQ7xbOMD1,06037554802,88.0,7vQ7xbOMD1,BMO Stadium
7vQ7xbOMD1,06037620602,97.0,7vQ7xbOMD1,BMO Stadium
7vQ7xbOMD1,06037620701,,7vQ7xbOMD1,BMO Stadium
7vQ7xbOMD1,06037620901,,7vQ7xbOMD1,BMO Stadium
7vQ7xbOMD1,06037621001,,7vQ7xbOMD1,BMO Stadium
7vQ7xbOMD1,06037621102,,7vQ7xbOMD1,BMO Stadium
7vQ7xbOMD1,06037532302,93.0,7vQ7xbOMD1,BMO Stadium
7vQ7xbOMD1,06037532303,98.0,7vQ7xbOMD1,BMO Stadium
7vQ7xbOMD1,06037532304,84.0,7vQ7xbOMD1,BMO Stadium
7vQ7xbOMD1,06037532500,59.0,7vQ7xbOMD1,BMO Stadium
7vQ7xbOMD1,06037541100,59.0,7vQ7xbOMD1,BMO Stadium
7vQ7xbOMD1,06037541300,75.0,7vQ7xbOMD1,BMO Stadium
7vQ7xbOMD1,06037541603,84.0,7vQ7xbOMD1,BMO Stadium
7vQ7xbOMD1,06037541604,83.0,7vQ7xbOMD1,BMO Stadium
7vQ7xbOMD1,06037554900,97.0,7vQ7xbOMD1,BMO Stadium
7vQ7xbOMD1,06037570002,,7vQ7xbOMD1,BMO Stadium
7vQ7xbOMD1,06037532605,58.0,7vQ7xbOMD1,BMO Stadium
7vQ7xbOMD1,06037532700,57.0,7vQ7xbOMD1,BMO Stadium
7vQ7xbOMD1,06037533104,63.0,7vQ7xbOMD1,BMO Stadium
7vQ7xbOMD1,06037533201,67.0,7vQ7xbOMD1,BMO Stadium
7vQ7xbOMD1,06037533300,79.0,7vQ7xbOMD1,BMO Stadium
7vQ7xbOMD1,06037543304,93.0,7vQ7xbOMD1,BMO Stadium
7vQ7xbOMD1,06037570204,106.0,7vQ7xbOMD1,BMO Stadium
7vQ7xbOMD1,06037570303,,7vQ7xbOMD1,BMO Stadium
7vQ7xbOMD1,06037702900,88.0,7vQ7xbOMD1,BMO Stadium
7vQ7xbOMD1,06037570003,113.0,7vQ7xbOMD1,BMO Stadium
7vQ7xbOMD1,06037570100,112.0,7vQ7xbOMD1,BMO Stadium
7vQ7xbOMD1,06037570202,104.0,7vQ7xbOMD1,BMO Stadium
7vQ7xbOMD1,06037570203,96.0,7vQ7xbOMD1,BMO Stadium
7vQ7xbOMD1,06037533401,81.0,7vQ7xbOMD1,BMO Stadium
7vQ7xbOMD1,06037533601,72.0,7vQ7xbOMD1,BMO Stadium
7vQ7xbOMD1,06037533602,70.0,7vQ7xbOMD1,BMO Stadium
7vQ7xbOMD1,06037533702,81.0,7vQ7xbOMD1,BMO Stadium
7vQ7xbOMD1,06037480902,94.0,7vQ7xbOMD1,BMO Stadium
7vQ7xbOMD1,06037189600,90.0,7vQ7xbOMD1,BMO Stadium
7vQ7xbOMD1,06037189400,94.0,7vQ7xbOMD1,BMO Stadium
7vQ7xbOMD1,06037181400,78.0,7vQ7xbOMD1,BMO Stadium
